Sample No.,class,dat,lig,pH ,dp ,MW ,ash,Al ,car,ros,pro,grm,TS ,woo,cel,cot,ob
sur0001,bleached,1847,20.7,5.55,1180.8,461365,7.11,5.98,0.03,6.252,0,75.78,-100,0,0,1,0
sur0002,gelatine sized,-100,6.1,4.59,855,99720,4.49,1.86,0.027,0,5.64,84.83,-100,0,0.1,0.9,0
sur0003,gelatine sized,-100,-100,4.78,1112,327250,4.91,0.72,0.039,0,2.62,82.55,-100,0,0.2,0.8,0
sur0004,gelatine sized,-100,-100,8.22,1393.4,492730,7.95,0.85,0.022,0,1.5,-100,-100,0,0,1,0
sur0005,gelatine sized,-100,-100,7.98,1331.1,368390,5.8,1.13,0.022,0,7.42,-100,-100,0,0,1,0
sur0006,bleached,-100,30.1,7.62,1147.2,470295,5.01,1.07,0.047,0.546,0,-100,-100,0.05,0.15,0.8,0
sur0007,gelatine sized,-100,-100,8.1,1604.2,694670,4.47,0.39,0.018,0,1.16,-100,-100,0,0.3,0.7,0
sur0008,gelatine sized,-100,-100,7.97,1656.3,511945,4.83,0.77,0.018,0,4.64,-100,-100,0,0.2,0.8,0
sur0009,gelatine sized,-100,23.8,8.37,1939.6,775895,5.25,0.34,0.018,0,1.41,-100,-100,0,0.1,0.9,0
sur0010,gelatine sized,-100,-100,8.12,1077.9,326295,4.67,0.24,0.015,0,6.46,138.2,-100,0,0.2,0.8,0
sur0011,gelatine sized,1813,10.3,5.36,1032.6,394125,4.95,0.53,0.027,0,2.59,158.2,-100,0,0,1,0
sur0012,gelatine sized,-100,12.1,5.22,875.2,121970,5.27,1.61,0.03,0.059,6.17,-100,-100,0,0.1,0.9,0
sur0013,gelatine sized,1650,22.3,5.35,849.3,242925,5.26,1.41,0.027,0.14,6.29,-100,-100,0,0,1,0
sur0014,bleached,-100,35.7,7.08,1513,513420,16.45,1.5,0.021,0.506,-100,-100,-100,0,1,0,1
sur0015,bleached,-100,22.4,6.77,1744.6,604435,4.93,4.49,0.018,2.154,-100,-100,-100,0,0.6,0.4,0
sur0016,gelatine sized,1654,4.2,7.5,1622.5,883900,6.35,0.55,0.017,0,5.61,-100,-100,0,0,1,0
sur0017,gelatine sized,1350,-100,7.72,1720.4,806375,4.68,0.11,0.022,0,5.21,-100,-100,0,0.2,0.8,0
sur0018,gelatine sized,1450,4.8,7.8,1228,-100,7.41,0.5,0.013,0,6.73,94.65,-100,0,0,1,0
sur0019,gelatine sized,1550,18.5,7.95,1704.4,828900,5.49,0.36,0.02,0,6.14,-100,-100,0,0.1,0.9,0
sur0020,gelatine sized,1650,0,7.56,1689,772385,4.3,0.17,0.017,0,5.22,-100,-100,0,0.1,0.9,0
sur0021,gelatine sized,1750,7.7,7.96,2524.9,1103400,4.51,0.2,0.016,0,6.67,71.52,-100,0,0,1,0
sur0022,gelatine sized,1825,25.2,8.19,2339.7,284830,5.73,0.92,0.013,0,2.78,-100,-100,0,0.1,0.9,0
sur0023,bleached,1875,33.4,7.52,641.1,925750,5.11,2.07,0.042,3.047,0,-100,-100,0,0.8,0.2,0
sur0024,gelatine sized,1875,10.9,7.65,1827.6,954695,4.51,0.78,0.025,0,2.97,-100,-100,0,0,1,0
sur0025,groundwood,1925,212.2,4.3,-100,-100,12.64,3.21,0.1,1.532,0,232.7,-100,0.6,0.4,0,
sur0026,groundwood,1925,54.6,8.01,-100,299200,19.76,2.29,0.062,2.218,0,-100,-100,0.2,0.8,0,0
sur0027,groundwood,1925,134,5.21,-100,295250,12.44,2.29,0.07,2.962,0,67.78,-100,0.3,0.7,0,0
sur0028,gelatine sized,1650,2.4,7.75,1197.5,645835,4.1,0.23,0.032,0.062,0.98,-100,-100,0,0.05,0.95,0
sur0029,groundwood,1987,82.3,5.76,412.2,257025,23.43,2.23,0.089,0.562,0,105.68,-100,0,1,0,0
sur0030,groundwood,1893,208.6,4.77,-100,432125,21.45,1.64,0.08,3.122,0,-100,-100,0.6,0.4,0,0
sur0031,bleached,1850,16.2,5.28,730.4,378555,17.21,0.56,0.031,0.54,0,-100,-100,0,0.1,0.9,0
sur0032,bleached,-100,-100,5,409.5,191825,10.38,5.4,0.072,3.957,-100,-100,-100,0,0.5,0.5,0
sur0033,groundwood,1904,87.9,4.8,496.2,288705,19.2,5.14,0.09,1.173,0,115.15,-100,0,1,0,0
sur0035,groundwood,1875,86.6,-100,481,-100,21.2,1.88,0.067,1.199,0,-100,-100,0,0.1,0.9,
sur0036,bleached,-100,-100,6.32,646.8,312975,3.24,2.45,0.07,1.033,-100,-100,-100,0,0.1,0.9,0
sur0037,bleached,1840,0,8.06,770.3,270505,4.3,0.36,0.03,0.086,0,-100,-100,0,0.1,0.9,0
sur0038,bleached,1880,50.6,6.62,590.9,323360,17.41,1.71,0.056,1.691,0,-100,-100,0,0.9,0.1,0
sur0040,bleached,1865,-100,-100,317.9,-100,21.62,0.3,0.065,0.155,0,-100,-100,0,0.5,0.5,
sur0041,bleached,1850,6.1,5.17,736.8,420065,14.38,0.23,0.029,0.331,0,-100,-100,0,0.2,0.8,0
sur0042,gelatine sized,1750,22.7,4.59,443.2,85446,7.27,1.9,0.063,0,2.78,-100,-100,0,0,1,0
sur0043,groundwood,1899,267.7,4.25,-100,-100,19.72,2.02,0.152,1.779,0,-100,-100,0.8,0.2,0,0
sur0044,gelatine sized,1891,18.2,4.35,665.5,845170,4.7,2.1,0.041,1.121,4.6,107.33,-100,0,0.2,0.8,0
sur0045,gelatine sized,1875,31.3,4.44,436.7,50119,4.39,4.32,0.057,1.353,2.8,-100,-100,0,0,1,0
sur0046,gelatine sized,1851,30.9,4.44,651.3,188225,4.75,2.51,0.043,0.767,4.48,-100,-100,0,0,1,0
sur0047,gelatine sized,-100,15,7.72,1450.8,480780,14.85,1.32,0.023,0,2.17,-100,-100,0,0.05,0.95,0
sur0048,gelatine sized,-100,-100,7.62,1507.1,510260,13.31,1.29,0.025,0,2.12,81.78,-100,0,0.1,0.9,0
sur0049,gelatine sized,-100,11,7.58,1315.4,619850,5,0.93,0.024,0.062,1.37,-100,-100,0,0,1,0
sur0050,gelatine sized,-100,-100,7.48,1507.5,445430,12.31,1.52,0.026,0,2.2,-100,-100,0,0.1,0.9,0
sur0051,gelatine sized,-100,5.4,7.83,1221.3,556415,8.54,1.07,0.027,0.059,2.71,173.9,-100,0.05,0.05,0.9,0
sur0052,gelatine sized,-100,8.6,7.95,1681.7,502995,7.56,0.62,0.026,0,2.18,109.4,-100,0,0,1,0
sur0053,gelatine sized,-100,-100,8.23,544.5,234060,6.06,0.99,0.039,0,2.52,90.23,-100,0,0.1,0.9,0
sur0054,gelatine sized,-100,-100,7.84,1679.4,790585,8.93,0.7,0.024,0,2.11,-100,-100,0,0.1,0.9,0
sur0055,gelatine sized,-100,0,6.5,1693,-100,8.46,0.81,0.024,0,0.95,102.5,-100,0,0,1,0
sur0056,gelatine sized,-100,0,7.71,1533.2,738805,8.46,0.76,0.023,0,1.4,-100,-100,0,0,1,0
sur0057,gelatine sized,-100,-100,7.6,1615.2,652580,7.77,0.83,0.026,0.059,0.79,90.85,-100,0,0,1,0
sur0058,gelatine sized,-100,-100,7.6,1669.4,830650,8.66,0.72,0.03,0.062,1.48,-100,-100,0,0,1,0
sur0059,gelatine sized,-100,0,7.22,1682.9,743775,5.63,0.79,0.025,0,1.32,-100,-100,0,1,0,0
sur0060,gelatine sized,-100,4.7,7.54,1522,766455,6.82,0.92,0.026,0,0.91,-100,-100,0,0.05,0.95,0
sur0061,gelatine sized,-100,-100,7.7,1633.6,-100,8.82,0.55,0.017,0,1.2,-100,-100,0,0,1,0
sur0062,gelatine sized,-100,-100,7.61,1688.1,737950,8.19,0.53,0.017,0,0.79,-100,-100,0,0,1,0
sur0063,gelatine sized,-100,-100,7.47,1647.2,703435,8.2,0.85,0.021,0.049,1.02,108.3,-100,0,0.1,0.9,0
sur0064,gelatine sized,-100,-100,7.62,1290.1,627540,9.54,1.57,0.023,0,4.63,84.43,-100,0,0,1,0
sur0065,gelatine sized,-100,-100,4.56,501.5,60724,7.25,1.73,0.043,0,4.8,-100,-100,0,0.1,0.9,0
sur0066,gelatine sized,-100,-100,7.51,1552.7,805970,8.24,0.78,0.02,0,1.8,-100,-100,0,0,1,0
sur0067,gelatine sized,-100,-100,7.2,1576.5,698175,7.55,0.96,0.02,0,2.1,-100,-100,0,0,1,0
sur0068,gelatine sized,-100,-100,4.5,385.8,-100,6,2.97,0.066,0.129,6.2,-100,-100,0,0,1,0
sur0069,gelatine sized,-100,-100,7.44,1581.7,786515,7.63,0.75,0.021,0.069,2.45,-100,-100,0,0,1,0
sur0070,bleached,-100,47.5,5.12,583.6,311180,14.09,2.91,0.078,4.746,0,-100,-100,0,0.4,0.6,0
sur0071,gelatine sized,-100,-100,7.84,608.9,243600,5.09,1.73,0.043,0.3,5.51,-100,-100,0,0,1,0
sur0072,gelatine sized,-100,-100,7.92,702.2,321945,5.56,1.49,0.034,0.062,2.46,123.03,-100,0,0.1,0.9,0
sur0073,gelatine sized,-100,-100,8,730.2,317395,4.89,1.79,0.035,0.672,5.69,118.3,-100,0,0.1,0.9,0
sur0074,bleached,-100,49.7,5.01,652,341925,15.12,2.48,0.061,3.653,-100,-100,-100,0,0.5,0.5,0
sur0075,gelatine sized,-100,-100,7.98,1338.2,662175,9.15,1.31,0.014,0,3.74,-100,-100,0,0,1,0
sur0076,gelatine sized,-100,-100,8.03,705.7,327020,5.49,1.44,0.026,0,2.57,124.53,-100,0,0.1,0.9,0
sur0077,gelatine sized,-100,-100,7.78,708.6,323155,5.39,1.49,0.034,0,2.77,-100,-100,0,0,1,0
sur0078,gelatine sized,-100,-100,7.94,683.7,310095,5.09,1.5,0.033,0.13,4.77,122.35,-100,0,0,1,0
sur0079,gelatine sized,-100,-100,7.6,623.5,275430,8.44,1.85,0.039,0.11,4.3,119.8,-100,0,0.2,0.8,0
sur0080,bleached,-100,-100,4.66,596.2,318380,13.84,2.64,0.071,3.491,-100,-100,-100,0,0.6,0.4,0
sur0081,gelatine sized,-100,-100,7.74,1598.5,948875,4.62,0.76,0.024,0,2.08,120.65,-100,0,0,1,0
sur0082,gelatine sized,-100,-100,5.6,1196.9,738775,7.37,0.22,0.038,0.122,1.64,-100,-100,0,0,1,0
sur0083,gelatine sized,-100,-100,7.71,1235.9,462695,8.88,1.36,0.034,0,1.05,98,-100,0,0,1,0
sur0084,gelatine sized,-100,-100,4.49,544.9,71718.5,7.38,2.44,0.041,0,5.17,-100,-100,0,0,1,0
sur0085,gelatine sized,-100,10.3,5.74,435.4,61409.5,7.2,2.13,0.051,0,5.79,-100,-100,0,0,1,0
sur0086,gelatine sized,1888,0,4.54,461.7,71698,6.55,1.86,0.055,0.185,4.39,-100,-100,0,0.1,0.9,0
sur0087,gelatine sized,1890,5.1,4.5,456.8,261440,6.57,1.94,0.043,0.082,5.14,-100,-100,0,0,1,0
sur0088,gelatine sized,1885,0,4.76,424.6,79412,6.29,1.75,0.063,0.085,3.75,103.93,-100,0,0.1,0.9,0
sur0091,groundwood,1951,253.5,8.05,-100,615365,26.51,1.24,0.039,0.426,0,78.8,47.91,0.8,0.2,0,0
sur0092,groundwood,1887,144.2,7.58,-100,274995,27.42,2.67,0.061,6.297,0,76.7,29.09,0.5,0.5,0,0
sur0093,groundwood,1960,244.8,7.55,-100,289860,19.48,2.88,0.08,6.46,0,72.3,38.87,0.7,0.3,0,0
sur0094,groundwood,1984,-100,7.4,-100,710600,17.73,2.37,0.05,3.78,0,65.78,45.82,0.9,0.1,0,0
sur0095,groundwood,1987,257.5,7.96,-100,652865,17.65,1.98,0.039,1.043,0,68.68,57.32,0.7,0.3,0,1
sur0096,bleached,1859,88.8,8.7,566.3,395150,7.07,0.2,0.034,0.139,0,70.58,40.52,0,0.1,0.9,0
sur0097,bleached,1908,85.2,8.16,328.3,152610,9.06,2.78,0.087,5.29,0,84.73,43.33,0,0.3,0.7,0
sur0098,groundwood,1871,117.4,7.7,-100,111765,11.16,2.8,0.098,7.846,0,69.26,27.21,0.7,0.3,0,0
sur0099,bleached,1911,74.1,7.62,258.6,172910,29.2,3.05,0.063,5.103,0,61.5,30.86,0,0.9,0.1,0
sur0100,bleached,1861,26.4,7.93,480.9,292375,16.16,0.77,0.035,0.229,0,56.35,-100,0,0,1,0
sur0101,bleached,1870,36,8.07,553.8,413735,24.97,1.86,0.027,1.792,0,87.63,43.13,0,0.1,0.9,0
sur0102,gelatine sized,1854,25.6,8.15,454.2,205375,7.66,1.19,0.059,0.238,0.88,52.82,33.49,0,0.1,0.9,0
sur0103,bleached,1894,70.8,8.02,495.8,237170,19.96,2.4,0.113,1.58,0,70.1,32.31,0,0.9,0.1,0
sur0104,bleached,1869,63,8.18,-100,191875,12.67,0.19,0.051,0.767,0,68.02,-100,0.2,0,0.8,0
sur0105,bleached,1869,56.9,7.88,380.9,165685,11.88,0.15,0.049,0.99,0,53.9,28.07,0,0.1,0.9,0
sur0106,bleached,1865,52.7,8.37,323.7,162200,20.31,0.49,0.062,0.664,0,66.1,32.91,0,0,1,0
sur0107,bleached,1971,60.9,8.37,630.1,404160,30.88,1.57,0.043,2.463,0,79.08,31.46,0.1,0.9,0,0
sur0108,bleached,1910,59.1,8.14,591.6,295280,21.41,1.53,0.082,6.301,0,92.6,46.06,0,1,0,0
sur0109,bleached,1957,43.2,8.12,764.5,407020,29.01,1.28,0.058,2.285,0,75.1,31.7,0,1,0,0
sur0110,bleached,1870,28.2,8.01,390.5,172275,7.89,4.48,0.106,0.32,0,143.98,69.66,0,0.1,0.9,0
sur0111,bleached,1905,35.8,7.69,493.2,307420,29.27,0.91,0.057,2.321,0,115.33,57.56,0,1,0,0
sur0112,bleached,1920,50.4,7.71,500.8,311340,24.2,2.06,0.083,4.601,0,137.55,73,0,1,0,0
sur0113,bleached,1866,51.3,8.25,369.4,194445,15.77,0.38,0.036,0.25,0,58.17,23.46,0.1,0,0.9,0
sur0114,bleached,1867,76.1,7.68,-100,195950,15.11,3.07,0.102,5.553,0,81.15,32.97,0.15,0,0.85,0
sur0115,bleached,1966,77,8.1,1462.3,587110,16.37,1.36,0.034,1.563,0,92.33,-100,0,1,0,0
sur0118,bleached,1942,-100,8.38,958.2,509370,16.52,0.88,0.029,0.159,0,92.85,55.12,0,1,0,0
sur0119,bleached,-100,10.1,7.7,1610.078,552825,6.85,0.53,0.032,1.441,0,-100,-100,0,1,0,0
sur0120,bleached,1981,36.6,7.74,1620.4,802055,21.97,1.62,0.032,1.131,0,78.95,-100,0,1,0,1
sur0121,groundwood,1929,50.9,7.77,-100,448835,17.68,3.4,0.046,3.342,0,64.5,45.05,0.4,0.6,0,0
sur0122,groundwood,1894,234,7.25,-100,158800,13.71,1.99,0.183,5.986,0,50.67,18.28,0.9,0.1,0,0
sur0123,groundwood,1910,284.4,8.6,-100,269150,16.67,1.13,0.199,-100,0,51.87,13.81,1,0,0,
sur0124,groundwood,1970,254.1,7.91,-100,445710,18.61,2.92,0.052,2.799,0,-100,39.14,0.85,0.15,0,0
sur0125,groundwood,-100,157.5,7.54,-100,561335,25.58,3.46,0.033,0.37,0,60.1,33.68,0.6,0.4,0,1
sur0126,groundwood,1932,184.8,7.25,-100,274365,29.7,1,0.075,0.433,0,-100,39.61,0.7,0.3,0,0
sur0127,groundwood,1984,210.8,8.01,-100,560570,22.11,0.97,0.052,0.556,0,56.72,33.62,0.7,0.3,0,0
sur0128,groundwood,1954,323.6,7.7,-100,584500,-100,0.4,0.048,-100,0,-100,-100,0.8,0.2,0,1
sur0130,bleached,1892,29.4,5.35,366.6,137400,6.9,1.41,0.111,0.657,0,75.85,21.81,0,1,0,0
sur0131,groundwood,1978,293.9,5.25,-100,598275,7.18,-100,0.062,0.325,0,49.53,33.34,0.8,0.2,0,0
sur0132,bleached,1937,50,5.6,1309.2,496955,25.97,3.88,0.037,1.067,0,80.7,41,0,1,0,0
sur0133,groundwood,1959,153.1,4.95,-100,357430,25.43,0.93,0.062,1.142,0,68.94,37.21,0.6,0.4,0,0
sur0134,groundwood,1930,220.5,4.8,-100,282310,25.4,1.33,0.091,2.419,0,92.95,37.07,0.7,0.3,0,0
sur0135,groundwood,1893,173.5,5.13,-100,279790,23.29,1.75,0.103,8.669,0,125.63,48.38,0.8,0.2,0,0
sur0137,groundwood,1984,214,5.49,-100,459520,12.36,0.99,0.057,0.346,0,51.09,28.36,0.6,0.4,0,0
sur0138,groundwood,1984,-100,5.28,-100,495750,7.67,1.11,0.059,0.298,0,50.73,29.04,0.7,0.3,0,0
sur0140,groundwood,1887,222.8,6.27,-100,509925,28.22,1.1,0.041,0.214,0,74.44,31.11,0.8,0.2,0,0
sur0141,groundwood,1951,143.6,5.15,-100,266750,28.68,1.99,0.055,6.161,0,74.16,36.25,0.8,0.2,0,0
sur0142,groundwood,1960,221.5,4.54,-100,248420,16.92,3.07,0.095,5.313,0,69.66,38.34,0.8,0.2,0,0
sur0143,groundwood,1984,208.3,5.19,-100,518640,16.79,2.02,0.054,3.045,0,65.04,35.56,0.8,0.2,0,0
sur0144,groundwood,1987,214.1,6,-100,616385,16.37,1.71,0.04,0.698,0,63.44,45.99,0.5,0.5,0,0
sur0145,bleached,1859,-100,5.45,701.9,388300,4.44,-100,0.041,0,0,68.24,28.72,0,0,1,
sur0146,bleached,1908,51.3,4.32,359.7,107340,9.74,2.85,0.113,5.158,0,85.35,41.63,0,0.5,0.5,0
sur0147,bleached,1871,41.9,4.87,288,114710,9.97,3.02,0.1,6.481,0,62.6,18.79,0.05,0.1,0.85,0
sur0148,bleached,1911,53,5.05,323.2,173980,27.59,3.28,0.074,3.32,0,60.76,29.22,0,1,0,0
sur0149,bleached,1870,15.7,5.76,537.3,315990,17.55,1.72,0.03,1.23,0,55.87,25.33,0,1,0,0
sur0150,gelatine sized,1854,7.4,4.75,505.8,-100,4.9,0.93,0.053,0.091,0.99,51.63,28.44,0,0,1,0
sur0151,bleached,1894,37.2,4.88,452.8,299305,19.49,2.45,0.127,1.105,0,72.1,29.91,0,1,0,0
sur0152,bleached,1869,9,5.67,387.4,193195,13.61,0.61,0.039,0.654,0,57.4,27.71,0,0.1,0.9,0
sur0153,bleached,1865,12.4,5.13,333.8,151865,18.62,0.33,0.051,0.439,0,63.9,28.77,0,0,1,0
sur0154,bleached,1971,43.2,4.94,733.9,363275,25.44,1.13,0.052,1.555,0,78.1,30.83,0.05,0.95,0,0
sur0155,bleached,1910,40.4,5.65,599.8,-100,21.3,1.31,0.072,5.309,0,89.65,40.05,0,0.6,0.4,0
sur0156,bleached,1957,40.8,5.17,868.3,646705,25.04,1.01,0.072,2.963,0,77.8,29.17,0.05,0.05,0.9,0
sur0157,bleached,1870,0,5.02,417.5,158555,7.87,4.03,0.09,0.36,0,146.1,64.47,0,0,1,0
sur0158,bleached,1905,68.9,4.82,543.6,255920,22.9,1.57,0.079,4.796,0,107.3,49.36,0,1,0,0
sur0159,bleached,1920,44.2,4.75,598,459960,21.92,1.84,0.073,4.05,0,126.53,65.9,0.1,0,0.9,0
sur0160,bleached,1866,21.5,7.18,417.9,242690,15.87,0.13,0.03,0,0,-100,18.52,0.1,0,0.9,0
sur0161,bleached,1867,57.7,4.95,311.8,226800,16.99,2.65,0.082,5.95,0,75.68,29.21,0,0,1,0
sur0164,bleached,1966,11.5,5.95,1511.6,921750,15.35,1.12,0.031,1.546,0,91.6,59.89,0.3,0.7,0,1
sur0165,bleached,1975,52.6,7.45,1693.7,761750,13.75,-100,0.019,0,0,78.48,69.09,0,1,0,1
sur0168,bleached,1907,48,4.85,715.6,470750,8.77,2.79,0.083,2.598,0,109.95,35.96,0,1,0,0
sur0169,bleached,1917,14.4,5.9,616.7,282150,13.22,-100,0.059,0.05,0,78.45,31.6,0,0.6,0.4,0
sur0170,bleached,1936,15.2,5.7,885.4,467800,5.85,1.65,0.063,2.097,0,98.1,42.24,0.1,0.9,0,0
sur0171,bleached,1956,33.6,5.05,1027.4,640050,8.43,2.02,0.035,3.352,0,86.13,35.7,0,1,0,0
sur0172,bleached,1937,61.1,5,471.9,395200,18.31,1.87,0.1,1.562,0,110.2,25.15,0,1,0,0
sur0173,bleached,1910,39.6,5.9,669.3,512100,23.96,1.85,0.052,0.832,0,82.5,27.76,0,1,0,0
sur0174,bleached,1923,55.6,5.95,969.5,748100,26.81,1.47,0.027,0.355,0,76.4,38.32,0,1,0,0
sur0175,bleached,1929,83.9,5.05,807.4,638130,23.22,3.58,0.046,0.317,0,74.98,27.66,0,1,0,0
sur0176,bleached,1957,41.1,5.05,1436.9,839450,9.74,2.93,0.032,0.773,0,77.65,35.69,0,1,0,0
sur0177,bleached,1959,42.1,5.75,767.2,554200,19.45,1.17,0.037,0.868,0,88.38,36.48,0,1,0,0
sur0178,bleached,1981,31.1,5.55,1838.8,1224000,20.99,1.49,0.031,1.675,0,76.53,54.74,0,1,0,1
sur0179,bleached,1970,51,5.2,752.1,476750,14.65,2.49,0.078,2.949,0,61.82,27.02,0,1,0,1
sur0180,bleached,1980,56.2,7.7,1923.9,1220500,18.52,-100,0.013,0,0,80.3,76.13,0,1,0,1
sur0181,bleached,1979,58,7.7,2385.5,1208000,18.2,0.33,0.015,0,0,80.53,59.41,0,1,0,1
sur0182,bleached,1981,63.7,7.75,1570.4,850900,9.88,-100,0.018,0,0,100.03,67.9,0,1,0,1
sur0185,bleached,1968,34.3,6.65,1175.9,792800,20.31,2.06,0.026,2.064,0,81.5,64.86,0,1,0,1
sur0186,bleached,1956,37.1,4.7,957,720400,13.67,1.93,0.048,1.786,0,130.15,45.12,0,1,0,0
sur0187,bleached,1969,35.5,7.7,1807.9,1123000,19.68,-100,0.015,0.028,0,79.18,68.22,0,1,0,1
sur0188,bleached,1954,29.5,4.5,808.4907,583200,17.11,3.4,0.046,2.446,0,85.88,35.42,0,0.9,0.1,0
sur0189,groundwood,1988,294.2,6,-100,985700,7.37,-100,0.034,0.518,0,71.88,51.55,0.7,0.3,0,0
sur0190,groundwood,1975,240.3,4.65,-100,-100,13.25,3.58,0.103,1.048,0,57.45,21.28,0.8,0.2,0,0
sur0191,bleached,1937,44.1,5,976.8323,552050,13.96,2.22,0.057,2.77,0,64.5,36.93,0,1,0,0
sur0192,bleached,1934,46.7,5,615.0415,332600,11.75,1.36,0.087,1.228,0,63.3,38,0,1,0,0
sur0193,bleached,1934,55.8,5.1,1186.118,-100,14.97,3.97,0.042,4.239,0,64.64,44.53,0,0.9,0.1,0
sur0194,bleached,1929,58.3,5.15,741.9311,479000,15.51,1.9,0.069,6.18,0,67.26,48.45,0,1,0,0
sur0195,groundwood,1930,201.8,4.85,-100,-100,25.4,0.68,0.073,0.931,0,68.86,34.86,0.7,0.3,0,0
sur0196,groundwood,1928,221.8,4.7,-100,-100,28.39,1.96,0.084,2.208,0,61.42,24.66,0.8,0.2,0,0
sur0197,groundwood,1883,272.2,4.55,-100,211100,18.93,1.89,0.188,3.914,0,49.9,16.18,0.8,0.2,0,0
sur0198,groundwood,1894,226.4,4.45,-100,254900,10.18,1.93,0.19,4.657,0,52.02,20.26,0.8,0.2,0,0
sur0199,groundwood,1951,280.4,4.9,-100,588500,14.34,3.19,0.101,0.571,0,57.85,17.26,0.9,0.1,0,0
sur0200,groundwood,1927,244.3,4.5,-100,-100,15.78,1,0.156,3.152,0,52.7,17.48,0.8,0.2,0,0
sur0201,groundwood,1910,262.2,4.45,-100,410400,18.01,1.36,0.181,2.136,0,53.82,11.15,0.8,0.2,0,0
sur0202,groundwood,1902,242.6,4.35,-100,211300,15.31,1.49,0.206,3.065,0,50.31,14.02,0.8,0.2,0,0
sur0203,groundwood,1886,228.8,4.45,-100,-100,18.66,1.77,0.162,4.691,0,56.1,15.61,0.9,0.1,0,0
sur0204,groundwood,1965,173.6,4.65,-100,630600,21.78,4.16,0.053,1.255,0,-100,33.91,0.4,0.6,0,0
sur0205,groundwood,1970,264.6,4.75,-100,653650,18.87,2.75,0.067,2.918,0,-100,30.65,0.8,0.2,0,0
sur0206,groundwood,1930,276.5,5.05,-100,-100,15.51,0.9,0.058,2.129,0,46.19,22.9,0.9,0.1,0,0
sur0207,groundwood,1932,210.7,4.5,-100,373200,33.41,0.99,0.093,0.278,0,80.55,35.06,0.9,0.1,0,0
sur0208,groundwood,1938,180.9,4.95,-100,-100,31.43,0.48,0.049,0.859,0,-100,23.35,0.9,0.1,0,0
sur0209,groundwood,1980,229.8,5,-100,630350,14.97,0.35,0.056,0.391,0,56.07,26.57,0.7,0.3,0,0
sur0210,groundwood,1980,246.9,4.7,-100,406050,19.39,0.9,0.07,0.978,0,61.92,26.04,0.9,0.1,0,0
sur0211,groundwood,1987,272.4,5.1,-100,580410,4.94,0,0.054,0.276,0,49.17,29.59,0.8,0.2,0,0
sur0212,groundwood,1953,315.6,4.65,-100,393000,5.53,0.51,0.096,0.643,0,52.55,22.39,0.9,0.1,0,0
sur0213,groundwood,1975,243.8,4.85,-100,630700,15.95,1.98,0.046,1.002,0,70.06,27.62,0.7,0.3,0,0
sur0214,groundwood,1970,192.8,4.85,-100,647400,15.05,1.01,0.068,4.624,0,83.68,42.65,0.7,0.3,0,0
sur0216,bleached,1942,-100,4.65,-100,707900,-100,-100,-100,-100,0,91.78,52.69,0,1,0,
sur0217,bleached,1869,-100,5.9,442.9,211800,-100,-100,-100,-100,0,73.6,-100,0,0,1,
sur0218,gelatine sized,1861,-100,5.05,545.2,307900,-100,-100,-100,0.16,0.37,57.75,-100,0,0,1,
sur0230,bleached,1957,60.7,4.65,-100,520950,17.62,3.73,0.053,0.864,0,86.2,-100,0,1,0,0
sur0231,bleached,1963,65,6.67,2106.2,740840,13.85,2.33,0.032,2.631,0,-100,-100,0,1,0,1
sur0232,bleached,1959,-100,5.57,1381.2,983795,14.05,2.62,0.034,2.157,0,-100,-100,0,1,0,0
sur0233,bleached,1959,-100,5.1,1127.9,837345,14.52,3.07,0.044,1.301,0,-100,-100,0,1,0,0
sur0234,bleached,1951,-100,5.05,-100,447140,5.42,2.46,0.04,1.548,0,-100,-100,0.1,0.9,0,0
sur0235,bleached,1957,-100,4.64,974.6,792220,13.98,2.78,0.05,1.463,0,-100,-100,0,1,0,0
sur0236,bleached,1954,-100,4.75,676.5,570800,16.77,1.66,0.057,1.151,0,-100,-100,0,1,0,0
sur0237,bleached,1958,-100,4.97,858.6,375035,17.22,4.09,0.062,1.536,0,-100,-100,0,1,0,0
sur0238,bleached,1956,-100,5.1,-100,399375,16.82,1.7,0.048,1.562,0,-100,-100,0,1,0,0
sur0239,bleached,1948,-100,5.6,752.5,427900,8.67,2.88,0.061,0.659,0,-100,-100,0,1,0,0
sur0240,bleached,1947,37.1,7.88,1111.6,773560,19.42,2.79,0.036,0.165,0,-100,-100,0,1,0,0
sur0241,bleached,1948,-100,5.24,1210.3,486405,5.7,1.47,0.065,1.848,0,-100,-100,0.1,0.9,0,0
sur0242,bleached,1944,-100,4.92,651.8,542385,15.65,2.92,0.057,1.29,0,-100,-100,0,1,0,0
sur0243,bleached,1955,70.1,4.61,-100,397510,13.97,0.32,0.063,4.261,0,-100,-100,0,1,0,0
sur0244,bleached,1954,-100,4.64,944.2,401250,14.84,0.25,0.054,1.716,0,-100,-100,0,1,0,0
sur0245,bleached,1956,-100,4.72,-100,448845,14.81,1.43,0.045,2.983,0,-100,-100,0,1,0,0
sur0246,bleached,1952,67.3,4.73,-100,359775,15.35,1.27,0.05,1.752,0,88.5,-100,0,1,0,0
sur0254,bleached,1975,-100,6.3,-100,822500,27.02,1.1,0.026,-100,0,154.88,-100,0,1,0,1
sur0255,bleached,1950,26.5,6.32,-100,-100,15.72,1.33,-100,0,0,-100,-100,0,1,0,
sur0256,bleached,1950,12.1,6.45,-100,-100,23.16,4.72,0.031,0.268,0,-100,-100,0,1,0,0
sur0257,bleached,1950,23.5,5.93,-100,-100,12.41,0.77,-100,0.164,0,-100,219.8,0,1,0,0
sur0258,bleached,1950,10.1,6.29,-100,-100,19.11,2.07,0.028,0.044,0,-100,-100,0,1,0,1
sur0259,bleached,1950,44.5,6.01,-100,467115,11.39,1.6,-100,0,0,-100,-100,0,1,0,1
sur0260,bleached,1950,48.6,6.7,1525.2,670950,18.22,2.02,0.03,0,0,-100,-100,0,1,0,0
sur0261,bleached,1950,19.8,7.47,1115.9,778250,26.27,1.52,0.035,0,0,-100,-100,0,1,0,1
sur0262,bleached,1943,73.4,5.26,1154.3,257200,13.52,7.4,0.076,2.317,0,-100,-100,0,1,0,0
sur0263,bleached,1925,-100,4.66,504.8,178415,9.46,4.86,-100,2.213,0,-100,-100,0,1,0,0
sur0264,groundwood,1956,82.6,4.94,624.4,249245,17.64,2.65,0.076,1.165,0,-100,33.84,0,1,0,0
sur0265,groundwood,1940,95.4,4.35,417.9,277350,11.78,2.39,0.1,1.251,0,-100,-100,0,1,0,0
sur0266,bleached,1850,47,6.37,566.2,245560,29.19,2.09,0.048,4.217,0,-100,-100,0,1,0,0
sur0268,bleached,1950,40,5.22,770.5,320665,6,1.68,0.032,0.563,0,-100,-100,0,1,0,0
sur0269,bleached,1975,47.4,7.21,2175.9,651410,-100,0.46,0.014,0,0,-100,-100,0,1,0,0
sur0270,groundwood,1975,-100,7.35,-100,-100,20.42,1.62,-100,1.124,0,223.73,-100,0.6,0.4,0,0
sur0272,bleached,1950,43.7,4.73,1220.7,260085,9.31,2.52,0.036,2.623,0,-100,-100,0,1,0,0
sur0273,groundwood,1750,-100,6.91,-100,369595,0,0.02,0.028,-100,0,-100,-100,0.3,0,0.7,0
sur0274,bleached,1750,-100,7.42,1765.3,671965,4.83,0.11,0.016,0.137,0,-100,-100,0,0,1,0
sur0275,bleached,1750,-100,7,1226.3,533820,-100,0.3,0.023,-100,0,-100,-100,0,0,1,0
sur0276,groundwood,1875,271.1,3.72,-100,177400,20.04,0.94,0.142,2.014,0,-100,26.73,0.7,0.3,0,0
sur0277,bleached,1930,-100,4.4,585.1,206400,23.05,2.82,0.058,2.394,0,-100,-100,0,1,0,0
sur0278,groundwood,1930,-100,4.36,-100,271200,7.38,8.66,0.067,1.867,0,165.03,-100,0.8,0.2,0,0
sur0279,gelatine sized,1977,6.6,7.45,4071.3,1266750,3.79,0.1,0.014,0,0.29,-100,-100,0,0,1,0
sur0280,gelatine sized,1950,38.8,5.3,-100,1490500,6.2,2.51,0.014,0,5.37,-100,-100,0.1,0,0.9,0
sur0281,bleached,1950,20.4,7.41,4073.7,1235350,-100,0,0.016,0,0,126.45,-100,0,0,1,0
sur0282,bleached,1950,33,6.49,3570.2,1316300,4.94,0.02,0.031,0,0,-100,-100,0.05,0.05,0.9,
sur0283,bleached,1950,-100,7.42,291,653030,10.49,2.35,0.136,1.945,0,-100,-100,0,0.8,0.2,1
sur0284,bleached,1750,58.4,5.86,1732.9,514000,14.4,0.39,0.021,0.061,0,-100,-100,0,0,1,0
sur0285,gelatine sized,1725,13.4,7.38,1310.1,792605,4.07,0.69,0.028,0,0.7,82.1,-100,0,0,1,0
sur0286,gelatine sized,1725,-100,7.55,-100,1005100,5.52,0.72,0.02,0.16,2.43,-100,-100,0.15,0.1,0.75,0
sur0288,groundwood,1940,268.2,3.83,-100,83158,-100,0.34,0.087,0.543,0,50.23,-100,0.9,0.1,0,0
sur0289,bleached,1725,54.9,7.34,967.2,266340,21.61,0.26,0.041,0.026,0,-100,-100,0,1,0,1
sur0290,bleached,1975,61,8.1,2198.3,700490,12.21,0.6,0.026,0,0,-100,-100,0,1,0,1
sur0291,bleached,1975,-100,8.8,1912.5,589150,-100,3.53,0.012,0,0,-100,185.21,0,1,0,1
sur0292,bleached,1975,46.4,8.09,1685.5,633280,15.85,0.24,0.013,0,0,-100,-100,0,1,0,1
sur0293,bleached,1975,72,8.08,2170.6,693655,11.55,0.62,0.025,0,0,-100,-100,0,1,0,0
sur0294,bleached,1980,28.2,7.56,3720.8,880630,3.91,-100,0.015,0,0,-100,-100,0,0.6,0.4,0
sur0295,bleached,1950,17.4,7.41,3172.5,989360,3.87,0.17,0.014,0.084,0,-100,-100,0,0,1,0
sur0296,bleached,1981,31,7.63,3019.3,957575,0,0.25,0.014,0,0,-100,-100,0,0.6,0.4,0
sur0297,bleached,1980,36.7,7.8,-100,-100,4.27,-100,0.01,0,0,-100,-100,0,0.5,0.5,0
sur0298,bleached,1980,36.4,7.74,3234.9,873695,-100,-100,0.012,0,0,-100,-100,0.1,0.1,0.8,0
sur0299,bleached,1950,-100,7.3,4223.4,1943500,5.81,0.02,0.017,0,0,-100,-100,0,0,1,0
sur0300,bleached,1950,-100,7.62,3413.4,899020,4.48,-100,0.01,0,0,-100,-100,0,0.6,0.4,0
sur0301,bleached,1950,-100,7.85,3407.2,1166050,4.44,-100,0.008,0,0,-100,-100,0,0.2,0.8,0
sur0303,bleached,1980,5.2,7.79,2971.2,1182000,3.83,-100,0.016,0,0,-100,-100,0,0.2,0.8,0
sur0304,bleached,1986,2,7.6,3275.1,1127050,-100,0.02,0.011,0,0,-100,-100,0,0.5,0.5,0
sur0305,bleached,1980,12.1,7.81,3927.9,988260,4.26,-100,0.015,0,0,114.98,-100,0,0.2,0.8,0
sur0306,bleached,1980,16.1,7.89,4042.5,977505,4.32,-100,0.011,0,0,-100,-100,0,0,1,0
sur0307,bleached,1982,10.1,7.75,-100,597020,4.03,-100,0.015,0,0,-100,-100,0,0.5,0.5,0
sur0308,bleached,1980,14.9,7.67,-100,1668000,4.68,0.07,0.011,0,0,-100,-100,0.05,0.15,0.8,0
sur0309,bleached,1980,-100,7.42,3655.9,1042050,3.68,-100,0.011,0.04,0,-100,-100,0,0.6,0.4,0
sur0310,bleached,1980,8.2,7.78,2843.4,917935,4.14,-100,0.014,0,0,-100,-100,0,0.5,0.5,0
sur0311,bleached,1990,10.3,7.64,2387.9,1113650,6.05,-100,0.007,0,0,-100,-100,0,0.1,0.9,0
sur0314,bleached,1950,-100,7.6,1899.5,939000,5.18,1.59,0.008,0,0,286.75,-100,0,0.05,0.95,0
sur0315,bleached,1984,65.8,6.66,2064.1,718510,15.58,0.62,0.025,0.435,0,-100,-100,0,1,0,1
sur0316,bleached,1972,14.8,6.07,1136.9,407630,24.26,1.16,0.026,0.34,0,61.74,39.99,0,0.7,0.3,1
sur0317,bleached,1972,9.2,7.75,1964.3,156370,19.57,0.39,0.026,0.054,0,66.36,49.94,0,1,0,1
sur0318,bleached,1950,-100,7.68,3756.3,1612000,4.1,0.1,0.016,0,0,-100,-100,0,0,1,0
sur0319,bleached,1980,7.9,7.78,3424.3,948220,-100,0.04,0.012,0,0,-100,-100,0,0.8,0.2,0
sur0320,bleached,1985,20.1,7.76,2055.1,523015,3.99,0.05,0.014,0,0,-100,-100,0,0,1,0
sur0321,bleached,1942,67.3,4.45,402.6,-100,17.7,4.82,0.079,0.892,0,-100,29.01,0,1,0,
sur0322,bleached,1932,31.9,6.48,1092.5,294465,20.51,4.71,0.039,0.84,0,-100,-100,0,1,0,0
sur0323,groundwood,1945,-100,4.16,-100,372785,7.53,0.91,0.136,0.492,0,65.7,-100,0.8,0.2,0,0
sur0324,groundwood,1955,-100,3.93,-100,227070,8.82,0.56,0.187,0.215,0,-100,-100,0.8,0.2,0,0
sur0325,bleached,1980,31.2,7.75,2818.4,908770,4.15,-100,0.014,0.065,0,-100,-100,0,0.3,0.7,0
sur0326,bleached,1985,-100,8.08,1556.4,413020,13.4,2.49,0.027,1.138,0,1090.1,-100,0,1,0,0
sur0327,groundwood,1975,112.7,4.18,-100,261195,14.52,3.23,0.054,1.851,0,-100,-100,0.6,0.4,0,0
sur0328,groundwood,1975,-100,4.14,-100,120570,13.63,1.18,0.063,0.576,0,296.78,-100,0.6,0.4,0,0
sur0332,bleached,1985,-100,7.95,2012.8,651120,16.51,2.2,0.014,0.191,0,-100,-100,0,1,0,1
sur0333,bleached,1990,-100,7.9,1425.5,783810,29.36,0.6,0.011,0,0,-100,-100,0,1,0,1
sur0336,bleached,1975,-100,7.7,1645.3,-100,9.38,1.89,0.028,0.72,0,-100,-100,0,1,0,1
sur034/1,bleached,-100,2.6,5.8,1351.9,-100,2.74,31.09,0.027,0.092,-100,-100,-100,0,0,1,1
sur0351,groundwood,1854,286.3,6.05,-100,783650,5.02,0.02,0.047,0,0,-100,-100,0.8,0.2,0,0
sur0352,groundwood,1923,-100,4.95,-100,600850,16.25,0.71,0.074,2.185,0,-100,-100,0.5,0.5,0,0
sur0353,groundwood,1908,-100,4.45,-100,321550,15.64,0.24,0.13,1.586,0,-100,-100,0.8,0.2,0,0
sur0354,groundwood,1917,-100,4.85,-100,585800,15.4,0.16,0.068,0.285,0,-100,-100,0.8,0.2,0,0
sur0355,bleached,1841,-100,7.3,-100,1087000,4.61,0.05,0.023,0,0,-100,-100,0,0,1,0
sur0356,groundwood,1880,148.3,5.3,-100,394200,10.56,0.47,0.049,7.866,0,-100,-100,0.8,0.2,0,
sur0358,bleached,1916,-100,5.45,-100,546350,16.94,0.17,0.043,0.7,0,-100,-100,0,1,0,
sur0372,bleached,1910,-100,4.96,1131.2,617280,21.66,0.48,0.036,1.869,0,135.58,-100,0,1,0,
sur0375,bleached,1926,36.8,5.1,639.2,292770,11.3,0.59,0.068,1.043,0,86.95,24.78,0.05,0.25,0.7,0
sur0376,bleached,1928,-100,5.78,759.1,565870,27.21,0.45,0.04,0.767,0,100.47,34.99,0,1,0,0
sur0379,groundwood,1918,222.7,4.25,-100,-100,21.98,0.19,0.112,0.758,0,66.82,15.62,0.9,0.1,0,0
sur0381,bleached,1910,30.3,6.06,946,470380,21.86,0.2,0.035,1.683,0,87.4,-100,0.05,0.95,0,0
sur0382,bleached,1913,-100,6.75,766.7,-100,21.63,0.29,0.035,1.505,0,90.13,-100,0,1,0,0
sur0383,groundwood,1910,141.9,4.74,-100,306900,27.05,0.4,0.094,1.783,0,91.15,32.57,0.5,0.5,0,0
sur0385,bleached,1929,-100,4.85,927.1,373050,7.06,0.35,0.077,2.411,0,80.03,37.31,0,1,0,0
sur0386,groundwood,1915,141.8,5.1,-100,614200,21.92,0.24,0.041,2.888,0,63.12,33.43,0.7,0.3,0,0
sur0387,bleached,1907,-100,5.52,584,302660,21.27,0.15,0.051,1.699,0,82.95,36,0,0.6,0.4,0
sur0388,groundwood,1921,165.3,5.32,-100,539100,39.11,0.33,0.058,0.096,0,77.5,20.47,0.9,0.1,0,0
sur0393,groundwood,1919,-100,7.75,-100,-100,25.01,0.28,0.035,0.81,0,90.43,43.89,0.6,0.4,0,0
sur0394,groundwood,1920,213.8,4.7,-100,479400,28.94,0.19,0.069,0.135,0,71.88,-100,0.85,0.15,0,0
sur0395,bleached,1915,-100,5.43,761.6,366515,19.35,0.24,0.05,1.588,0,90.45,34.92,0,0.3,0.7,0
sur0396,groundwood,1875,200.3,4.97,-100,823000,27.25,0.17,0.043,0.547,0,80.83,-100,0.85,0.15,0,0
sur0397,bleached,1920,-100,5.37,1055.9,-100,22.66,1.17,0.029,0.513,0,78.85,37.96,0,1,0,0
sur0398,groundwood,1920,263.6,4.64,-100,382280,23.7,0.16,0.098,1.143,0,73.72,31.76,0.9,0.1,0,0
sur0404,bleached,1925,32,5.28,748.6,516400,14.65,0.61,0.057,1.435,0,84.38,36.41,0.05,0.5,0.45,0
sur0405,groundwood,1945,252.5,5.23,-100,675825,20.39,0.1,0.052,0.867,0,61.48,29.31,0.75,0.25,0,0
sur0409,bleached,1909,39.6,5.2,695.5,456655,20.5,0.19,0.057,1.642,0,103.4,43.67,0.05,0.95,0,0
sur0412,groundwood,1921,210.9,4.6,-100,290000,24.43,0.2,0.08,0.392,0,72.63,-100,0.8,0.2,0,0
sur0413,bleached,1898,-100,7.5,779.8,256245,11.62,0.55,0.048,0.195,0,95.58,44.1,0,1,0,0
sur0416,groundwood,1943,246.3,4.99,-100,759500,14.92,0.3,0.055,0.351,0,68.78,37.86,0.85,0.15,0,0
sur0419,groundwood,1896,147.9,5.48,-100,401250,26.53,0.33,0.056,3.633,0,62.75,-100,0.55,0.15,0.3,0
sur0425,groundwood,1907,243,4.8,-100,378995,23.02,0.38,0.073,1.775,0,64.25,-100,0.8,0.2,0,0
sur0426,groundwood,1923,170.7,5.35,-100,693850,15.32,0.3,0.042,3.934,0,47.84,-100,0.6,0.4,0,0
sur0430,groundwood,1909,104.3,5.45,-100,-100,30.25,0.38,0.043,-100,0,73.67,-100,0.5,0.5,0,0
sur0431,groundwood,1911,130.6,5.58,-100,82664.5,25.66,1.01,0.06,2.514,0,76.25,-100,0.4,0.6,0,0
sur0435,groundwood,1912,105.6,5.53,-100,410000,14.82,0.45,0.051,3.154,0,59.78,-100,0.4,0.4,0.2,0
sur0436,groundwood,1928,197,5.44,-100,-100,28.81,0.26,0.046,2.059,0,71.28,36.31,0.9,0.1,0,0
sur0437,groundwood,1927,186.3,6.29,-100,756200,25.37,0.29,0.036,1.179,0,71.25,36.79,0.6,0.4,0,0
sur0441,bleached,1927,61.1,4.83,861.5,228590,19.99,0.96,0.063,1.205,0,104.03,54.29,0.1,0.6,0.3,0
sur0443,groundwood,1910,245.4,5.43,-100,667000,25.43,0.29,0.044,0.467,0,79.17,40.44,0.7,0.3,0,0
sur0445,groundwood,1926,187.7,4.85,-100,170480,21.31,0.66,0.066,4.482,0,73.74,-100,0.8,0.2,0,0
sur0446,groundwood,1926,227.5,5.29,-100,371515,22.84,0.54,0.055,4.151,0,47.94,22.49,0.7,0.3,0,0
sur0447,groundwood,1912,126.6,5.84,-100,556750,15.57,0.53,0.052,4.457,0,-100,-100,0.5,0.5,0,0
sur0448,groundwood,1921,96.5,5.81,-100,631500,25.49,1.29,0.03,0.755,0,82.93,34.06,0.2,0.8,0,0
sur0450,groundwood,1915,154.9,5.25,-100,-100,18.21,0.4,0.068,1.956,0,89.68,-100,0.7,0.3,0,0
sur0451,groundwood,1924,175.9,5.09,-100,512400,21.1,0.37,0.05,2.016,0,65.7,31.17,0.6,0.4,0,0
sur0452,groundwood,1917,256.2,4.7,-100,647500,20.28,0.11,0.057,0.657,0,80.3,50.7,0.8,0.2,0,0
sur0454,groundwood,1930,208.1,4.74,-100,412900,19.69,0.58,0.073,4.082,0,66.32,-100,0.7,0.3,0,0
sur0456,groundwood,1910,86.1,5.16,-100,389900,18.57,0.39,0.044,6.203,0,71.6,41.14,0.6,0.4,0,0
sur0457,bleached,1917,23.1,4.79,654.9,230070,17.73,0.26,0.065,2.097,0,83.55,-100,0,0.4,0.6,0
sur0458,bleached,1906,30.1,5.92,774,283710,19.1,0.29,0.052,2.322,0,82.88,-100,0.05,0.25,0.7,0
sur0459,groundwood,1909,-100,5.6,-100,680700,20.75,0.24,0.043,3.684,0,78.25,-100,0.2,0.8,0,
sur0463,bleached,1912,23.5,5.87,1066.2,367495,20.61,0.26,0.033,4.187,0,76.65,-100,0.1,0.9,0,0
sur0464,groundwood,1921,261.6,4.43,-100,293700,11.76,0.16,0.158,2.016,0,64.22,-100,0.75,0.25,0,0
sur0465,groundwood,1925,225,4.53,-100,-100,18.44,0.47,0.073,3.848,0,68.62,34.48,0.75,0.25,0,0
sur0466,bleached,1928,56.8,4.73,578.9,374000,25.03,0.19,0.066,0.024,0,86.45,22.75,0,1,0,0
sur0467,groundwood,1928,196.2,4.6,-100,531100,19.44,0.47,0.077,1.955,0,66.62,-100,0.6,0.4,0,0
sur0469,groundwood,1925,191,6.56,-100,615000,22.65,0.2,0.05,0.788,0,54.72,26.77,0.95,0.05,0,0
sur0470,bleached,1906,-100,5.28,686.1,375000,26.58,0.78,0.031,3.547,0,90.83,29.03,0,0.4,0.6,0
sur0471,groundwood,1928,189.5,5.64,-100,524000,20.35,0.24,0.054,1.162,0,51.96,31.93,0.6,0.4,0,0
sur0475,bleached,1905,44.3,6.6,526.3,313000,32.15,0.15,0.029,0.729,0,92,-100,0,0.8,0.2,0
sur0476,groundwood,1920,266.1,4.27,-100,567300,16.77,0.03,0.094,0.224,0,51.25,-100,0.9,0.1,0,0
sur0477,bleached,1930,25.3,4.84,632.8,471600,21.88,0.58,0.072,1.7,0,73.1,-100,0,0.3,0.7,0
sur0478,groundwood,-100,133.3,4.9,-100,334350,27.01,0.4,0.065,3.256,0,60.7,-100,0.4,0.6,0,0
sur0479,groundwood,-100,137,5.21,-100,-100,17.98,0.78,0.077,7.206,0,52.9,-100,0.5,0.3,0.2,0
sur0480,groundwood,1903,143.1,5.58,-100,513700,29.61,0.32,0.047,2.927,0,77.28,-100,0.6,0.4,0,0
sur0481,groundwood,1901,122.8,5.13,-100,-100,25.33,0.48,0.062,6.074,0,74.74,28.59,0.7,0.2,0.1,0
sur0482,groundwood,1901,115.8,5.33,-100,-100,27.92,-100,0.057,5.777,0,77.13,24.23,0.6,0.2,0.2,0
sur0483,bleached,1907,24.4,5.38,655.7,169325,19.57,1.68,0.045,1.445,0,81.78,-100,0,0.5,0.5,0
sur0484,groundwood,1901,97.8,5.36,-100,-100,26.28,1.24,0.051,5.135,0,80.93,29.75,0.7,0.3,0,0
sur0489,groundwood,1893,135.4,4.69,-100,343450,23.15,1.68,0.095,3.929,0,76.6,-100,0.6,0.2,0.2,0
sur0490,groundwood,1892,132.1,4.71,-100,336400,22.78,1.24,0.081,2.813,0,90.63,27.65,0.6,0.4,0,0
sur0491,bleached,-100,-100,5.38,881.6,303500,-100,3.41,-100,-100,0,61.92,-100,0,1,0,0
sur0492,bleached,1844,0.4,7.4,1514.6,364425,6.05,0.46,0.033,0.567,0,-100,-100,0,0.1,0.9,0
sur0493,groundwood,-100,225.6,5.6,-100,-100,-100,0.94,0.046,3.26,0,138.65,-100,0.9,0.1,0,0
sur0495,bleached,-100,37.9,4.89,972.8,539645,17.87,0.59,0.025,0.353,0,85.25,26.3,0.1,0.9,0,0
sur0497,bleached,1877,49.2,4.78,407.2,179640,23.43,3.07,0.086,2.674,0,86.53,30.08,0.05,0.45,0.5,0
sur0503,bleached,1877,45.3,4.75,419.8,-100,23.01,3.04,0.074,2.06,0,88.15,32.96,0,1,0,
sur0504,bleached,1899,-100,5.25,673.1,-100,-100,2.98,0.05,1.283,0,100.93,44.95,0,1,0,
sur0505,groundwood,1901,129,4.8,-100,-100,-100,2.92,0.04,7.765,0,71.26,-100,0.7,0.3,0,
sur0506,bleached,1900,31.7,-100,638.8,-100,-100,1.43,0.055,3.088,0,87.35,-100,0,0.6,0.4,
sur0508,groundwood,1988,137.2,5.25,-100,-100,-100,2.2,0.073,4.04,0,65.6,-100,0.5,0.1,0.4,
sur0509,groundwood,1904,253.1,4.6,-100,-100,22.39,2.21,0.1,4.865,0,85.88,-100,0.7,0.3,0,
sur0510,bleached,1903,-100,5.3,537.5,-100,-100,1.35,0.045,0.835,0,75.98,-100,0,0.85,0.15,
sur0511,bleached,1877,62.5,4.55,369.8,-100,23.4,2.38,0.066,1.987,0,85.98,30.87,0,0.7,0.3,
sur0513,bleached,1877,8.8,5.1,551,-100,4.8,1.35,0.067,2.968,0,66.42,41.32,0.05,0,0.95,
sur0514,groundwood,1893,146.1,4.75,-100,-100,27.41,2.02,0.057,6.833,0,64.04,20.94,0.7,0.2,0.1,
sur0515,bleached,-100,-100,5.15,596,-100,27.73,2.82,0.046,1.116,0,77.23,-100,0,0.5,0.5,
sur0516,groundwood,1887,121.9,4.75,-100,-100,22.09,1.51,0.127,3.103,0,87.1,30.12,0.5,0.3,0.2,
sur0517,groundwood,1902,213.1,4.45,-100,-100,4.83,1.84,0.092,3.665,0,75.94,31.06,0.95,0.05,0,
sur0518,groundwood,1907,190.8,4.3,-100,-100,25.93,2.77,0.122,1.571,0,86.28,32.83,0.6,0.4,0,
sur0519,groundwood,1921,103.1,4.95,-100,-100,32.22,2.7,0.049,1.338,0,124.2,-100,0.5,0.5,0,
sur0520,bleached,1877,53.3,4.7,388.7,283220,23.19,2.69,0.076,1.348,0,86.05,34.87,0.1,0.5,0.4,
sur0521,groundwood,1877,159.2,5.15,-100,-100,24,1.42,0.088,0.396,0,55.87,-100,0.7,0.1,0.2,
sur0522,bleached,1871,28,6.45,978.2,534335,15.29,2.1,0.023,3.025,0,71.94,29.32,0.05,0.05,0.9,
sur0524,groundwood,1901,169.7,5.65,-100,528190,15.64,1.05,0.042,2.437,0,76.03,47.54,0.6,0.4,0,
sur0525,groundwood,1897,160.8,5.05,-100,354645,24.23,1.31,0.066,1.785,0,70.38,38.71,0.6,0.4,0,
sur0526,groundwood,1897,167.3,4.9,-100,280420,27.47,1.13,0.086,2.104,0,73.22,-100,0.5,0.5,0,
sur0527,groundwood,1889,110,5.2,-100,282150,16.9,1.56,0.09,4.045,0,74.72,25.03,0.45,0.1,0.45,
sur0528,groundwood,1878,215.5,-100,-100,-100,16.75,0.92,0.105,2.134,0,53,-100,0.6,0.2,0.2,
sur0529,groundwood,1889,160.1,5.05,-100,338100,21.93,2.5,0.078,1.921,0,99.13,38.86,0.5,0.4,0.1,
sur0530,groundwood,1901,86.7,5.25,-100,458950,25.62,2.25,0.057,5.048,0,70,32.53,0.3,0.7,0,
sur0531,groundwood,1890,196,4.85,-100,557230,19.94,3.04,0.071,1.021,0,92.9,-100,0.6,0.4,0,
sur0533,bleached,1918,35.6,5.75,639.1,618850,31.58,0.72,0.059,0.696,0,76.38,21.71,0.1,0.1,0.8,
sur0535,groundwood,1901,97.7,4.8,-100,507400,24.43,2.33,0.058,8.888,0,73.6,28.97,0.7,0.2,0.1,
sur0536,bleached,1911,27.4,5.8,829.7,-100,12.22,0.97,0.049,4.313,0,-100,-100,0.05,0.95,0,
sur0537,bleached,1907,61.6,4.85,610.2,318450,16.35,0.93,0.073,3.097,0,-100,-100,0.1,0.9,0,
sur0538,groundwood,1909,195.1,5.35,-100,467900,25.26,1.88,0.066,3.963,0,65.06,-100,0.75,0.25,0,
sur0539,bleached,1910,27.6,5.05,1033.7,364955,22.59,1.77,0.046,1.254,0,80.3,-100,0,0.4,0.6,
sur0540,groundwood,1926,177.3,4.65,-100,-100,27.98,1.83,0.091,3.009,0,86.55,26.04,0.6,0.4,0,
sur0544,groundwood,1905,153.1,7.16,-100,293550,29.9,1.94,0.044,3.413,0,79.15,28.45,0.6,0.2,0.2,0
sur0547,groundwood,-100,173.6,5.66,-100,225470,33.47,2.62,0.046,2.947,0,146.73,-100,0.8,0.2,0,0
sur0548,bleached,1912,23.2,6.15,536.4,356200,33.77,1.88,0.089,1.829,0,92.48,-100,0.1,0.5,0.4,0
sur0552,groundwood,1884,141.5,4.81,-100,172750,21.54,3.2,0.057,6.047,0,60.4,-100,0.4,0.4,0.2,0
sur0555,groundwood,1887,146.8,5.14,-100,161500,17.73,3.43,0.068,7.982,0,61.26,-100,0.5,0.3,0.2,0
sur0567,bleached,1906,37.4,4.8,520.9,304615,27.49,1.39,0.062,2.215,0,99.83,45.22,0.05,0.95,0,0
sur0568,groundwood,1924,149.6,6.69,-100,233010,22.87,1.92,0.05,0.823,0,80.18,-100,0.6,0.4,0,0
sur0569,groundwood,1903,100.9,6.4,-100,352910,29.47,1.38,0.081,2.791,0,74.72,-100,0.5,0.5,0,0
sur0575,groundwood,1920,159.4,4.7,-100,278050,24.81,1.92,0.043,0.802,0,110.58,47.79,0.75,0.25,0,0
sur0577,bleached,1918,-100,6.25,981.1,310965,26.92,1.75,0.03,0.419,0,73.76,28.76,0,0.5,0.5,0
sur0579,bleached,1916,50.8,6.47,1351.5,544320,23.96,3.29,0.037,0.794,0,74.46,-100,0,1,0,0
sur0583,bleached,1889,32.3,5.55,393,174340,17.54,0.77,0.082,3.331,0,77.55,-100,0,0.4,0.6,0
sur0586,groundwood,1913,79,5.55,-100,355825,16.35,1.98,0.073,4.58,0,94.8,56.43,0.3,0.2,0.5,0
sur0589,bleached,1890,56.6,5.92,424.5,204190,20.27,4.43,0.082,6.059,0,66.82,-100,0.1,0.3,0.6,0
sur0590,bleached,1889,34.6,5.2,419.3,189170,19.55,1.95,0.07,1.446,0,81.05,32.22,0,0.4,0.6,0
sur0591,groundwood,1918,180,4.27,-100,194985,32.38,1.84,0.033,0.206,0,81.03,-100,0.6,0.4,0,0
sur0595,bleached,1911,-100,6.2,1237.9,332450,19.82,2.38,0.028,0.605,0,65.3,-100,0,1,0,0
sur0599,groundwood,1872,86.9,6.94,-100,243120,16.43,3.81,0.048,1.859,0,62.56,29.54,0.35,0.3,0.35,0
sur0600,bleached,1930,-100,5.98,1826.6,678340,6.84,3.95,0.03,1.112,0,68.1,-100,0,1,0,0
sur0601,bleached,1905,-100,7.07,1095.6,477295,26.88,3.28,0.056,0.963,0,110.85,58.46,0,1,0,0
sur0602,bleached,1911,19.1,5.55,877,449500,17.17,1.6,0.081,1.59,0,84.93,-100,0,0.4,0.6,0
sur0603,groundwood,1923,116.6,6.34,-100,292540,6.9,3.38,0.062,3.41,0,74.32,46.44,0.4,0.6,0,0
sur0605,bleached,1906,32.6,6.56,735,363320,20.94,1.22,0.093,2.255,0,92.3,-100,0,0.6,0.4,0
sur0608,groundwood,1889,193.6,5.43,-100,184220,20.39,3.27,0.063,2.547,0,94.83,39.02,0.6,0.4,0,0
sur0612,bleached,1926,17.1,5.43,449.1,253415,29.16,1.36,0.153,1.013,0,102.95,41.54,0.1,0.9,0,0
sur0617,groundwood,1919,291.1,4.57,-100,186390,19.04,0.75,0.055,0.473,0,70.48,24.25,0.9,0.1,0,0
sur0622,groundwood,1868,80.9,4.82,-100,342340,17.51,6.91,0.055,7.499,0,53.5,-100,0.5,0.1,0.4,0
sur0623,groundwood,1883,93.6,5.03,-100,299545,18.29,3.47,0.094,3.824,0,104.18,35.16,0.2,0.6,0.2,0
sur0628,bleached,1877,-100,5.05,411.7,285295,29.71,3.11,0.041,1.957,0,78.83,26.12,0,0.5,0.5,
sur0630,gelatine sized,1877,33.8,5.14,418.1,171465,22.49,3.31,0.039,0.333,0.36,91.15,31.98,0,0.5,0.5,0
sur0631,groundwood,1871,106.4,4.55,-100,169965,14.51,3.17,0.075,4.15,0.61,62.24,-100,0.6,0.1,0.3,0
sur0632,groundwood,1884,158.2,4.8,-100,246970,15.52,1.75,0.069,5.516,0,92.55,31.79,0.7,0.15,0.15,0
sur0633,groundwood,1920,258.1,4.41,-100,246240,24.77,0.91,0.088,0.656,0,75.32,24.69,0.9,0.1,0,0
sur0634,groundwood,1888,131.5,5.48,-100,194205,21.93,2.68,0.08,4.078,0,69.36,-100,0.7,0.3,0,0
sur0635,groundwood,1872,103.3,5.53,-100,171275,19.46,4.28,0.041,6.339,0,71.44,38.99,0.6,0.4,0,0
sur0636,bleached,1895,36.1,6.2,683.3,295885,25.42,2.91,0.073,3.308,0,103.4,46.81,0,0.2,0.8,0
sur0637,groundwood,1888,100.8,5.73,-100,228415,12.3,5.27,0.042,3.571,0,89.98,-100,0.7,0.3,0,0
sur0638,bleached,1910,32.7,5.95,709.8,365160,27.99,2.27,0.081,2.461,0,85.35,-100,0.1,0.4,0.5,0
sur0639,groundwood,1895,-100,5.36,-100,235980,22.54,3.16,0.075,2.914,0,76.88,-100,0.3,0.5,0.2,0
sur0640,groundwood,1888,130.3,5.71,-100,212215,22.4,2.87,0.049,4.453,0,61.74,-100,0.6,0.4,0,0
sur0642,bleached,1879,-100,5.97,540.4,282555,30.61,2.73,0.055,4.594,0,92.23,40.13,0,1,0,0
sur0644,groundwood,1896,150.2,6.18,-100,314215,27.07,2.63,0.034,5.269,0,71.66,-100,0.7,0.3,0,0
sur0646,bleached,1855,8.3,6.76,1337.4,528970,7.81,0.55,0.11,1.381,0,56.75,-100,0.1,0,0.9,0
sur0647,bleached,1915,50.8,5.38,484.9,266715,19.85,0.79,0.082,1.206,0,67.33,13.67,0.05,0.95,0,0
sur0648,bleached,1910,-100,4.51,640,275585,21.24,1.74,0.096,2.569,0,85.7,36.12,0,1,0,0
sur0650,groundwood,1891,114.3,5.05,-100,187460,19.99,1.29,0.101,4.398,0,76.5,26.44,0.5,0.1,0.4,0
sur0654,gelatine sized,1890,-100,5.26,298.5,135700,20.04,3.25,0.05,5.398,0.46,58.37,-100,0,0.6,0.4,0
sur0655,groundwood,-100,193.2,5.65,-100,513725,27.34,1.03,0.048,0.304,-100,61.42,25.77,0.9,0.1,0,0
sur0657,groundwood,1918,217,5.97,-100,510735,28.32,0.07,0.08,0.25,0,92.25,40.24,0.9,0.1,0,0
sur0658,groundwood,1873,143.9,5.2,-100,245565,17.46,2.37,0.114,7.976,0,59.93,-100,0.4,0.6,0,0
sur0659,groundwood,1887,131.1,4.41,-100,120080,20.25,1.52,0.097,4.093,0,76.72,29.79,0.6,0.1,0.3,0
sur0660,groundwood,1885,159.7,6.48,-100,126920,26.13,2.73,0.037,5.384,0,65.76,-100,0.5,0.2,0.3,0
sur0662,groundwood,1916,147.7,5.18,-100,507745,18.66,2.37,0.055,4.846,0,85.7,33.73,0.5,0.2,0.3,0
sur0668,groundwood,1901,110.2,5.22,-100,316640,25.51,2.2,0.076,9.537,0,75.05,28.25,0.6,0.4,0,0
sur0671,groundwood,1923,194.2,4.56,-100,447500,17.05,0.63,0.047,2.869,0,62.66,-100,0.95,0.05,0,0
sur0672,bleached,1913,25.4,5.43,522.4,280325,21.51,2.6,0.112,1.48,0,96.2,-100,0.05,0.95,0,0
sur0673,groundwood,1887,128.9,4.6,-100,203200,20.63,1.38,0.072,4.309,0,77.98,28.9,0.3,0.2,0.5,0
sur0675,groundwood,1888,139.5,5.67,-100,391050,19.04,3.27,0.078,6.823,0,71.86,-100,0.6,0.3,0.1,0
sur0676,groundwood,1887,142.9,5.47,-100,227585,20.01,3.07,0.058,4.05,0,60.9,-100,0.4,0.1,0.5,0
sur0678,groundwood,1879,203.3,5.06,-100,163930,14.6,1.75,0.123,5.26,0.43,55.07,-100,0.95,0.05,0,0
sur0679,groundwood,-100,139.8,5.61,-100,397390,21.44,1.1,0.052,0.882,0,83.68,51.08,0.6,0.4,0,0
sur0680,groundwood,-100,142.6,5.54,-100,433820,19.53,1.41,0.046,1.654,0,56.65,34.92,0.7,0.3,0,0
sur0682,groundwood,1889,199.1,4.7,-100,337600,19.19,2.07,0.063,2.42,0,97.85,-100,0.6,0.4,0,0
sur0683,bleached,1877,-100,5.04,403.1,231355,21.17,2.74,0.081,2.92,0,89.88,-100,0,0.4,0.6,0
sur0685,bleached,1877,58.8,4.51,371.4,225880,24.48,2.78,0.081,2.778,0,84.43,34.3,0,0.7,0.3,0
sur0686,bleached,1874,8,7.15,844.3,353225,5.34,0.94,0.074,1.053,0,74.46,-100,0,0.1,0.9,0
sur0687,groundwood,1898,46.5,4.97,-100,205530,26.56,1.08,0.063,2.19,0,82.5,37.06,0.6,0.4,0,0
sur0688,bleached,1894,63.4,5.87,521.8,241055,20.59,3.19,0.052,3.484,0,76.38,27.18,0,0.8,0.2,0
sur0689,groundwood,1889,-100,5.36,-100,240125,-100,-100,-100,-100,0,-100,-100,0.55,0.45,0,0
sur0690,gelatine sized,1797,16.5,5,587.7,219460,3.5,0.85,0.032,0.176,1.96,-100,-100,0,0,1,0
sur0691,gelatine sized,1780,23.9,5.5,1057.2,197515,2.94,0.28,0.039,0.062,2.34,-100,-100,0,0,1,0
sur0692,gelatine sized,1796,3,7.05,1021.4,358115,2.37,0.06,0.048,0.061,0,-100,-100,0,0,1,0
sur0693,gelatine sized,1804,9.4,4.2,520.3,218805,4.86,1.16,0.087,0.066,1.21,-100,-100,0,0,1,0
sur0694,gelatine sized,1827,-100,4.6,760.1,444200,2.55,0.84,0.043,0.062,0.81,-100,-100,0,0,1,0
sur0695,bleached,1845,5.9,5,732.7,426350,3.89,1.89,0.031,0.095,0,-100,-100,0,0,1,
sur0696,bleached,1892,3.2,6.05,974.7,376200,2.27,1.04,0.098,0.064,0,-100,-100,0,0,1,
sur0697,bleached,1898,16.1,5,432.6,-100,12.08,1.12,0.099,0.98,0,-100,-100,0,1,0,
sur0698,bleached,1899,45.5,4.7,427.8,243350,8.06,1.86,0.079,1.582,0,-100,-100,0,1,0,
sur0699,bleached,1901,33.8,4.5,261.1,241050,27.74,1.04,0.043,2.27,0,-100,-100,0,1,0,
sur0700,bleached,1902,56,4.9,509.6,420050,19.12,1.9,0.045,1.079,0,-100,-100,0,0.9,0.1,
sur0701,bleached,1904,29.5,5.4,827.8,457850,17.16,2.02,0.095,2.162,0,89.9,-100,0,0.9,0.1,
sur0702,bleached,1906,31.5,4.95,302.8,223350,19.79,1.63,0.051,0.588,0,-100,-100,0,1,0,
sur0703,bleached,1906,37.3,4.9,490,298950,23.79,-100,0.032,0.834,0,105.48,-100,0,1,0,
sur0704,bleached,1910,27.9,5.55,371.9,320850,25.86,2.46,0.069,2.013,0,137.8,-100,0,1,0,
sur0705,bleached,1911,39.6,5.25,360.7,-100,18.85,1.68,0.065,0.77,0,-100,-100,0,1,0,
sur0706,bleached,1922,25.7,5.05,380.7,900950,25.23,1.13,0.074,1.072,0,-100,-100,0.1,0.9,0,
sur0707,groundwood,1923,308.8,5.1,391.3,257050,12.93,1.46,0.064,1.047,0,-100,-100,0,1,0,
sur0709,bleached,1950,29.2,5.15,659,447900,17.05,5.15,0.028,3.502,0,-100,-100,0,1,0,
sur0710,bleached,1966,10.3,6.2,1104.9,880650,20.96,2.44,0.033,0.542,0,-100,-100,0,1,0,
sur0711,bleached,1979,16.9,5.15,720.5,529300,17.57,2.77,0.028,0.618,0,-100,-100,0,1,0,
sur0712,bleached,-100,-100,5.95,798.2,696250,23.17,2.33,0.105,0.69,-100,-100,-100,0,1,0,
sur0719,groundwood,-100,126,4.28,-100,135215,31.67,3.68,0.087,2.929,-100,131.35,44.95,0.6,0.4,0,
sur0720,groundwood,1922,203.8,4.93,-100,466480,22.43,1.01,0.041,2.838,0,66.42,-100,0.9,0.1,0,
sur0722,groundwood,-100,218.8,5.24,-100,276995,17.9,1.78,0.057,1.304,-100,100.4,-100,0.8,0.2,0,
sur0727,groundwood,1940,49.2,7.27,-100,243125,21.47,0.83,0.044,0.917,0,86.3,43.35,0.25,0.65,0.1,
sur0731,bleached,1945,37.1,4.89,1358.8,138670,20.62,2.35,0.127,0.454,0,100.7,48.93,0.1,0.9,0,
sur0733,groundwood,1945,308.5,3.93,-100,292295,7.44,1.2,0.07,0.351,0,53.25,24.86,0.9,0.1,0,
sur0736,groundwood,1925,137.6,5.07,-100,230490,27.8,4.99,0.093,1.219,0,93.7,37.73,0.5,0.5,0,
sur0740,groundwood,1894,261.2,4.96,-100,329650,21.7,2.09,0.057,2.352,0,71.66,-100,0.75,0.25,0,
sur0744,bleached,-100,63.4,5.99,855.5,367000,17.1,1.62,0.079,1.872,-100,90.1,-100,0.1,0.9,0,
sur0747,groundwood,1895,131.7,5.93,-100,273490,18.11,1.07,0.067,1.621,0,79.48,38.08,0.5,0.5,0,
sur0755,groundwood,1937,100.3,7.03,-100,192520,26.19,1.76,0.054,1.581,0,63.7,16.34,0.5,0.5,0,
sur0756,groundwood,1940,150.1,5.37,-100,271675,21.51,1.77,0.042,1.359,0,71.32,30.72,0.7,0.3,0,
sur0757,groundwood,1935,77,6.04,-100,351475,21.82,1.37,0.028,0.629,0,77.83,-100,0.4,0.6,0,
sur0759,bleached,1942,-100,5.54,733.1,435275,34.12,4.47,0.045,0.251,0,88.2,29.16,0,0.5,0.5,
sur0762,bleached,1943,24.2,6.82,-100,341045,14.49,1.06,0.044,0.538,0,87.4,45.68,0.2,0.8,0,
sur0763,groundwood,1935,95.5,6.74,-100,342035,21.75,1.38,0.046,0.911,0,83.28,-100,0.5,0.5,0,
sur0765,bleached,1937,31.2,5.92,1264.9,452600,14.38,1.84,0.074,1.401,0,120.75,37.09,0,0.4,0.6,
sur0768,groundwood,1921,226.9,4.58,-100,295400,14.25,0.4,0.054,0.437,0,70.02,33.47,0.7,0.3,0,
sur0769,bleached,1939,-100,5.76,818.4,334465,11.57,0.76,0.059,0.568,0,94.55,-100,0,0,1,
sur0772,bleached,1941,-100,5.3,935.1,425280,11,0.54,0.071,0.309,0,82.28,-100,0,0,1,
sur0774,groundwood,1941,-100,4.8,-100,266300,23.61,0.97,0.049,0.409,0,67.86,19.95,0.6,0.4,0,
sur0775,bleached,1942,16.8,7.64,748.3,425280,14.85,1.1,0.042,0.49,0,93.45,47.28,0.1,0.1,0.8,0
sur0780,bleached,1936,-100,6.06,813.4,422275,29.25,0.98,0.041,2.331,0,127.2,55.07,0,0.1,0.9,0
sur0782,groundwood,1937,161,5.28,-100,400870,27.59,1.68,0.057,1.904,0,77.83,-100,0.9,0,0.1,0
sur0783,groundwood,1929,169.9,5.56,-100,430465,21.28,1.65,0.045,2.494,0,83.13,42.53,0.7,0.3,0,0
sur0784,bleached,1939,23.4,6.48,838.6,327145,11.05,0.54,0.107,0.921,0,100.83,39.86,0,1,0,0
sur0785,groundwood,1926,206.2,4.89,-100,169820,20.66,2.49,0.062,4.817,0,79.38,21.3,0.8,0.2,0,0
sur0786,groundwood,1930,206.6,4.9,-100,424535,17.21,1.13,0.046,1.131,0,79.75,42.37,0.8,0.2,0,0
sur0787,bleached,1939,25.7,5.54,1001.4,456225,19.41,1.84,0.043,1.547,0,133.4,55.31,0,0.1,0.9,0
sur0788,bleached,1943,18.2,5.03,869.3,420495,20.36,1.68,0.044,0.443,0,65.34,50.02,0.1,0.9,0,0
sur0789,groundwood,-100,-100,5.3,-100,-100,-100,-100,-100,-100,-100,59.6,35.99,0.7,0.3,0,
sur0790,bleached,1939,-100,5.69,813.1,383850,11.29,0.82,0.046,0.817,0,90.53,40.13,0,1,0,0
sur0791,groundwood,1934,90.1,5.32,-100,417910,19.29,0.76,0.073,0.905,0,75.13,-100,0.5,0.5,0,0
sur0792,groundwood,1931,99.2,4.38,-100,217190,22.67,2.26,0.049,2.56,0,80.58,-100,0.4,0.6,0,0
sur0793,bleached,1948,25,5.56,794.3,312175,11.63,0.53,0.093,0.679,0,77.45,-100,0.05,0.95,0,0
sur0795,groundwood,1931,133.3,4.35,-100,227400,20.34,1.39,0.104,2.249,0,74.44,-100,0.6,0.4,0,0
sur0796,groundwood,1942,145.8,4.85,-100,336200,14.13,3.35,0.077,3.7,0,-100,-100,0.6,0.4,0,0
sur0800,bleached,-100,31.3,8.05,541.9,374180,35.64,6.1,0.032,1.198,-100,125.08,46.1,0,1,0,0
sur0801,bleached,1922,-100,6.87,667.8,319005,0,6.3,0.067,0.728,0,130.5,53.2,0,1,0,0
sur0802,bleached,1922,23.4,7.5,764.8,347540,19.81,0.94,0.041,1.725,0,72,-100,0,1,0,0
sur0803,groundwood,1921,20.5,7.81,-100,297020,28.28,1.77,0.038,0.608,0,85.63,40.38,0.5,0.5,0,0
sur0804,bleached,1922,30.9,7.75,608.9,412505,31.92,0.96,0.075,0.486,0,78.2,22.77,0,1,0,0
sur0805,groundwood,1932,203.5,4.42,-100,243840,22.38,4.79,0.047,5.003,0,68.74,37.42,0.7,0.3,0,0
sur0807,groundwood,1932,202.6,5.16,-100,451065,21.54,1.73,0.1,1.241,0,64.92,33.09,0.85,0.15,0,0
sur0808,groundwood,1926,209.5,4.18,-100,202480,17.87,3.19,0.067,4.315,0,64.94,-100,0.6,0.4,0,0
sur0809,groundwood,1933,112.1,5.18,-100,417260,18.43,2.26,0.043,2.439,0,65.42,-100,0.5,0.5,0,0
sur0810,bleached,-100,52.9,5.05,787.6,406000,15.35,3.1,0.107,2.293,-100,109.1,61.2,0,1,0,0
sur0811,groundwood,1922,123.5,4.19,-100,202095,10.76,1.54,0.094,1.831,0,66.42,35.59,0.4,0.6,0,0
sur0812,groundwood,1943,258.6,4.96,-100,417865,12.75,1.32,0.043,0.31,0,-100,25.54,0.9,0.1,0,0
sur0814,bleached,1913,15.3,5.98,865.5,375885,19.15,1.28,0.052,2.866,0,81.18,27.22,0.1,0.1,0.8,0
sur0815,groundwood,1910,144.6,5.07,-100,524250,17.53,1.53,0.045,2.711,0,98.03,37.69,0.6,0.4,0,0
sur0816,groundwood,1940,210.3,5.65,-100,445480,18.43,2.2,0.045,2.052,0,73.18,28.06,0.85,0.15,0,0
sur0817,bleached,1938,22.1,5.29,992.4,486165,15.94,2.87,0.06,2.248,0,91.68,47.85,0.1,0.9,0,0
sur0818,groundwood,1902,105.6,5.14,-100,198695,23,3.04,0.044,3.027,0,73.78,-100,0.8,0.2,0,0
sur0819,groundwood,1928,196.8,4.98,-100,331545,21.63,1.73,0.058,3.807,0,63.96,36.38,0.6,0.4,0,0
sur0822,groundwood,1924,247.3,6.88,-100,284865,19.88,1.77,0.087,0.937,0,69.26,40.42,0.85,0.15,0,0
sur0823,bleached,1930,22.3,5.14,704.8,361205,10.97,1.67,0.054,1.203,0,82.8,-100,0,1,0,0
sur0824,groundwood,1931,83.5,5.58,-100,279070,17.1,2.6,0.069,3.695,0,75.78,-100,0.4,0.6,0,0
sur0825,bleached,-100,-100,5.68,977.6,438135,18.01,1.67,0.048,1.119,-100,105.53,-100,0,1,0,0
sur0835,bleached,1936,25,5.84,1320.1,376840,8.19,1.98,0.057,0.314,0,63.2,33.92,0,1,0,0
sur0836,bleached,1938,13.6,8.09,418.4,167780,16.33,2.2,0.128,0.788,0,-100,-100,0,0.1,0.9,0
sur0837,bleached,1905,39.1,5.08,602.2,187590,21.88,2.43,0.046,2.449,0,75.22,-100,0.05,0.45,0.5,0
sur0839,groundwood,1893,213.4,4.34,-100,201040,13.81,2.12,0.082,2.532,0,55.48,-100,0.5,0.1,0.4,0
sur0841,groundwood,1901,202.9,4.83,-100,253705,23.4,2.2,0.059,2.725,0,69.9,-100,0.8,0.2,0,0
sur0844,bleached,1930,29.9,5.24,554.4,341285,15.88,1.62,0.064,2.138,0,-100,-100,0,1,0,0
sur0845,groundwood,1942,119,5.27,-100,313340,11.95,1.12,0.052,0.501,0,91.43,-100,0.9,0.1,0,0
sur0846,bleached,1938,19.2,5.94,-100,317925,14.84,1.07,0.044,0.871,0,68.12,-100,0.2,0.8,0,0
sur0847,groundwood,1939,195.1,5.31,-100,653915,22.63,1.13,0.048,1.156,0,112.88,48.87,0.9,0.1,0,0
sur0848,bleached,1939,36.7,5.72,832.6,223365,11.17,0.41,0.046,0.821,0,92.68,38.78,0.05,0.95,0,0
sur0849,groundwood,1938,164.8,5.13,-100,314680,26.8,1.6,0.039,1.67,0,83.58,36.68,0.8,0.2,0,0
sur0851,groundwood,1935,145.9,5.51,-100,378170,21.06,1.16,0.056,0.854,0,82.28,-100,0.5,0.5,0,0
sur0852,groundwood,1933,97.5,6.11,-100,415905,16.62,2.16,0.068,1.854,0,84.38,47.51,0.8,0.2,0,0
sur0853,groundwood,1932,95,5.52,-100,304860,18.37,1.49,0.027,0.895,0,88.95,-100,0.6,0.4,0,0
sur0854,bleached,-100,25.1,9.04,983.5,471545,28.7,5.96,0.024,0.762,-100,-100,66.62,0,0.8,0.2,0
sur0855,groundwood,-100,94.9,9.03,-100,363050,38.18,8.61,0.041,0.787,-100,102.4,46.25,0.8,0.2,0,0
sur0856,bleached,1943,43.2,4.56,758.7,422745,30.39,1.79,0.053,0.325,0,84.48,-100,0.05,0.9,0.05,0
sur0860,groundwood,1943,259.5,4.53,-100,219890,16.56,0.28,0.057,0.196,0,80.73,45.98,0.95,0.05,0,0
sur0863,bleached,-100,-100,5.65,986.3,436905,16.03,2.33,0.053,1.423,-100,121.3,49.18,0,0.5,0.5,0
sur0869,bleached,1926,-100,5.68,892.2,392520,11.85,0.45,0.098,1.345,0,81.93,69.64,0,1,0,0
sur0871,groundwood,1945,67.3,4.68,-100,746750,28.51,0.36,0.042,0.158,0,89.18,34.91,0.3,0.7,0,0
sur0872,groundwood,1944,133.9,5.68,-100,457835,22.47,0.2,0.062,0.335,0,123.93,57.92,0.75,0.25,0,0
sur0873,bleached,1917,-100,4.95,584,321020,21.76,0.57,0.068,0.182,0,93.35,-100,0,1,0,0
sur0874,groundwood,1941,102.8,5.17,-100,320570,20.65,0.9,0.078,0.667,0,73.62,41.06,0.15,0.85,0,0
sur0878,groundwood,1928,166.6,4.29,-100,205865,19.76,0.67,0.082,6.091,0,64.12,-100,0.6,0.4,0,0
sur0879,groundwood,1938,180.9,4.29,-100,132670,19.27,0.5,0.053,5.707,0,64.13,25.11,0.65,0.35,0,0
sur0880,groundwood,-100,145.6,5.15,-100,486040,16.75,0.5,0.096,3.324,-100,74.48,-100,0.5,0.5,0,0
sur0884,groundwood,1894,261.3,4.53,-100,152360,16.15,0.54,0.049,5.887,0,62.72,-100,0.7,0.3,0,0
sur0885,groundwood,1941,157.4,7.25,-100,503400,25.22,0.24,0.03,1.134,0,59.2,23.94,0.7,0.3,0,0
sur0890,bleached,-100,51.4,6.74,1289.5,283605,17.91,0.47,0.068,1.563,-100,55.68,36.38,0.05,0.95,0,0
sur0894,groundwood,1941,192.7,4.98,-100,211570,16.8,0.15,0.11,1.249,0,76.78,28.1,0.7,0.3,0,0
sur0895,groundwood,1901,288.3,4.48,-100,169785,17.83,0.27,0.075,1.087,0,67.52,29.16,0.7,0.3,0,0
sur0897,groundwood,1945,236.9,4.5,-100,228680,18.45,-100,0.053,0.913,0,64.56,29.92,0.8,0.2,0,0
sur0900,groundwood,1945,218.4,5.44,-100,309420,21.69,-100,0.11,2.144,0,68.4,37.29,0.9,0.1,0,0
sur0901,groundwood,-100,162,5.44,397.2,193600,25.25,2.45,0.074,3.062,-100,71.22,28.84,0,1,0,0
sur0902,groundwood,-100,189.1,4.73,-100,212370,27.58,1.23,0.057,2.15,-100,-100,-100,0.8,0.2,0,0
sur0903,groundwood,1942,124.3,4.89,-100,221050,21.47,1.96,0.064,0.815,0,74.68,-100,0.7,0.3,0,0
sur0905,groundwood,1931,196.4,4.76,-100,156545,21.35,3.39,0.101,3.811,0,86.9,-100,0.75,0.25,0,0
sur0906,groundwood,-100,185.9,4.2,-100,89664,26.33,2.36,0.049,5.278,-100,101.83,-100,0.95,0.05,0,0
sur0908,groundwood,-100,135.2,7.15,-100,303880,20.13,1.09,0.093,5.417,-100,84.08,48.72,0.85,0.15,0,0
sur0911,groundwood,1887,175,4.9,-100,173260,24.51,2.57,0.042,3.787,0,86.9,-100,0.6,0.4,0,0
sur0913,groundwood,1940,152.3,4.99,-100,211385,32.1,2.24,0.066,3.912,0,102.35,-100,0.6,0.4,0,0
sur0915,groundwood,-100,234.8,4.68,-100,238095,18.18,1.17,0.097,1.402,-100,68.34,-100,0.95,0.05,0,0
sur0916,groundwood,1894,153.8,4.22,-100,137710,26.15,1.64,0.074,6.042,0,62.8,23.66,0.7,0.3,0,0
sur0924,groundwood,1944,102.7,4.6,-100,194995,22.38,4.46,0.031,3.291,0,78.25,38.32,0.6,0.2,0.2,0
sur0926,groundwood,1973,86.8,5.3,512.2,199170,25.82,3.51,0.048,12.276,0,76.1,21.52,0.1,0.3,0.6,0
sur0927,groundwood,1938,187.5,5.28,-100,253970,23.79,1.82,0.05,2.573,0,82.08,39.3,0.7,0.3,0,0
sur0928,groundwood,1938,174.8,5.4,-100,650300,15.98,2.62,0.045,4.112,0,71.14,24.77,0.7,0.3,0,0
sur0930,groundwood,1943,280.9,4.87,-100,-100,10.22,0.69,0.063,0.511,0,64.6,26.44,0.9,0.1,0,0
sur0933,groundwood,-100,200.9,4.45,-100,123620,26.58,0.42,0.057,1.237,-100,85.85,26.79,0.6,0.4,0,0
sur0934,bleached,1899,28.8,5.82,495.5,-100,22.24,0.32,0.079,2.954,0,116.65,42.35,0,0.4,0.6,0
sur0935,bleached,-100,36.1,4.69,482.4,13967,19.95,0.2,0.077,2.206,-100,160.2,51.91,0,1,0,0
sur0941,groundwood,1940,289.4,7.49,-100,251600,19.26,0.61,0.061,2.908,0,89.83,-100,0.4,0.6,0,0
sur0943,bleached,1911,36.3,6.53,592,234050,23.42,0.34,0.054,4.75,0,76.7,40.57,0,1,0,0
sur0946,groundwood,1913,69.9,6.22,-100,15337.5,26.72,0.27,0.06,3.578,0,87.68,-100,0.55,0.45,0,0
sur0947,groundwood,1940,192.8,5.24,-100,307065,24.7,0.51,0.042,0.596,0,89.55,46.78,0.65,0.35,0,0
sur0948,groundwood,-100,187.5,6.15,-100,16998,25.65,0.32,0.096,2.549,-100,88.6,31.15,0.85,0.15,0,0
sur0950,groundwood,1925,201,4.45,-100,17055.5,26.65,0.62,0.062,6.48,0,75.18,-100,0.7,0.3,0,0
sur0952,groundwood,1943,260.9,5.17,-100,588700,14.9,0.12,0.045,0.515,0,57.92,28.05,0.85,0.15,0,0
sur0954,groundwood,1940,47.1,5.56,-100,223225,19.73,0.24,0.048,1.472,0,99.18,46.85,0.3,0.7,0,0
sur0955,bleached,1937,-100,6.12,1037.2,343590,16.37,0.33,0.075,2.36,0,97.08,36.63,0,1,0,0
sur0956,groundwood,1944,267.7,5.08,-100,347235,14.42,0.23,0.069,0.758,0,78.78,51.1,0.8,0.2,0,0
sur0958,groundwood,1922,213.3,4.95,-100,263620,20.27,0.18,0.051,1.37,0,73.48,-100,0.8,0.2,0,0
sur0960,groundwood,1919,232.9,5.14,-100,-100,12.51,0,0.051,1.085,0,60.83,-100,0.8,0.2,0,0
sur0962,groundwood,1925,157.4,5.15,-100,374930,19.2,0.36,0.042,1.679,0,76.45,-100,0.6,0.4,0,0
sur0963,bleached,1940,11.5,5.7,1296.8,321355,18.19,0.14,0.077,0.46,0,104.4,66.83,0,0.4,0.6,0
sur0964,groundwood,1935,258.7,5.4,-100,612100,16.48,0.1,0.06,0.466,0,58.92,-100,0.75,0.25,0,0
sur0965,bleached,1937,-100,6.18,992.4,358545,16.52,0.29,0.041,1.664,0,92.75,35.07,0,0.4,0.6,0
sur0968,bleached,1940,29.1,6.41,1007.4,324295,20.12,0.11,0.056,0.619,0,77.65,29.48,0,0.7,0.3,0
sur0972,groundwood,1943,206.6,5.15,-100,354155,20.22,0.12,0.054,0.465,0,88.15,49.03,0.95,0.05,0,0
sur0973,groundwood,1943,234,4.8,-100,659650,19.36,0.1,0.045,0.45,0,99.43,38.1,0.8,0.2,0,0
sur0974,groundwood,1934,115.8,4.23,-100,262260,23.36,0.11,0.05,0.852,0,80.93,38.93,0.6,0.4,0,0
sur0975,bleached,1938,-100,5.02,739.8,110505,26.73,0.28,0.048,2.273,0,144.03,51.68,0.05,0.6,0.35,0
sur0984,bleached,1924,51.6,7.08,1530.4,814100,16.12,1.34,0.057,3.841,0,74.28,-100,0.1,0.9,0,0
sur0986,groundwood,1918,219.4,7.19,-100,251875,28.11,2.24,0.043,3.884,0,123.38,-100,0.85,0.15,0,0
sur0993,bleached,1940,9.3,6.38,935.7,280305,14.48,0.77,0.049,0.558,0,91.35,61.93,0.05,0.95,0,
sur0998,bleached,1920,-100,5.69,914.4,239000,7.15,0.32,0.043,0.154,0,72.84,-100,0,1,0,0
sur1000,bleached,1940,-100,5.72,1290.8,363125,18.27,0.55,0.028,0.502,0,113.13,60.54,0,0.2,0.8,0
sur1002,bleached,1935,-100,6.07,1244,422605,21.18,0.87,0.038,0.516,0,74.44,40.42,0,0,1,0
sur1004,bleached,1929,-100,6.63,879.4,340520,22.2,1.15,0.064,1.734,0,73.3,33.74,0,1,0,0
sur1005,groundwood,1942,136.7,4.74,-100,239410,15.41,3.57,0.04,3.31,0,106.28,52.89,0.55,0.45,0,0
sur1011,groundwood,1942,147.2,7.1,-100,592000,15.96,1.56,0.031,1.144,0,65,-100,0.6,0.4,0,0
sur1020,gelatine sized,-100,6,7.6,1774.6,-100,5.57,0.16,0.019,0,2.24,-100,-100,0,0,1,0
sur1021,bleached,1837,16.8,5.7,1154.9,-100,3.19,0.03,0.033,-100,0,-100,-100,0,0,1,0
sur1022,bleached,1847,25.3,5.75,1074.5,-100,3.9,0.28,0.034,-100,0,-100,-100,0,0,1,0
sur1023,bleached,1850,22,5.05,906,-100,3.68,0.13,0.036,-100,0,-100,-100,0,0,1,0
sur1024,bleached,1854,14.4,5.05,807.8,-100,3.66,0.26,0.083,-100,0,-100,-100,0,0,1,
sur1025,bleached,1859,55.2,4.55,397.6,-100,5.99,0.19,0.025,-100,0,-100,-100,0,0.1,0.9,0
sur1026,gelatine sized,1750,10.3,6.7,1050.8,-100,8.59,0.28,0.02,0.16,1.7,-100,-100,0,0,1,0
sur1027,gelatine sized,1750,7.4,6.6,1279.1,-100,11.48,0.25,0.022,0.16,1.48,-100,-100,0,0,1,0
sur1028,gelatine sized,1750,18.7,7,844.5,-100,-100,-100,0.031,0.16,0.44,-100,-100,0,0,1,
sur1029,gelatine sized,1800,30.4,5.25,1233.5,-100,4.77,0.2,0.016,0.16,3.82,-100,-100,0,0.1,0.9,0
sur1030,gelatine sized,1750,9.6,7.15,1434.3,-100,10.02,0.17,0.022,0.16,1.94,-100,-100,0,0,1,0
sur1031,gelatine sized,1700,4.6,6.95,1228.3,-100,12.33,0.17,0.021,0.16,1.62,-100,-100,0,0,1,0
sur1032,gelatine sized,1650,5.3,6.45,1293.2,-100,6.15,0.2,0.027,0.16,1.26,-100,-100,0,0,1,0
sur1033,gelatine sized,-100,17.1,6.95,1313.3,-100,12.37,0.29,0.028,0.16,1.12,-100,-100,0,0,1,0
sur1034,gelatine sized,-100,25.7,4.9,889.2,-100,5.09,0.18,0.04,0.16,1.77,-100,-100,0,0.1,0.9,0
sur1035,gelatine sized,-100,33.8,5.35,828.7,-100,5.64,0.2,0.019,0.16,1.46,-100,-100,0,0.1,0.9,0
sur1036,gelatine sized,-100,20.2,7.65,1174.5,-100,4.33,0,0.017,0.16,1.76,-100,-100,0,0,1,0
sur1037,gelatine sized,-100,13.7,7.35,1792.1,-100,4.74,0.08,0.015,0.16,4.63,-100,-100,0,0,1,0
sur1038,gelatine sized,-100,23.7,6.75,1435.9,-100,4.42,0.52,0.021,0.16,0.62,-100,-100,0,0,1,0
sur1039,gelatine sized,-100,12.7,6.9,1240.6,-100,11.08,0.27,0.027,0.16,1.15,-100,-100,0,0,1,0
sur1040,gelatine sized,1734,14.7,5.15,1083.4,-100,4.49,0.15,0.017,0.16,1.45,-100,-100,0,0,1,0
sur1041,gelatine sized,-100,14.5,6.35,1234.1,-100,9.98,0.17,0.034,0.16,1.57,-100,-100,0,0,1,0
sur1042,gelatine sized,-100,6.8,4.9,886.9,-100,5.41,0.23,0.017,0.16,1.97,-100,-100,0,0,1,0
sur1043,gelatine sized,-100,7.7,7.1,1362.4,-100,4.49,0.07,0.015,0.16,2.91,-100,-100,0,0,1,0
sur1044,gelatine sized,-100,11.4,6.8,1314.7,-100,4.46,0.56,0.016,0.16,0.16,-100,-100,0,0,1,0
sur1045,gelatine sized,-100,31.5,7.2,1608.6,-100,5.71,0.08,0.016,0.16,4.22,-100,-100,0,0,1,0
sur1046,gelatine sized,-100,8.5,7.45,1657.6,-100,5.46,0.09,0.022,0.16,2.56,-100,-100,0,0,1,0
sur1047,gelatine sized,-100,13.2,6.1,1016.7,-100,6.17,0.21,0.025,0.16,1.31,-100,-100,0,0,1,0
sur1048,gelatine sized,-100,11.5,6.85,964.6,-100,9.73,0.1,0.019,0.16,3.3,-100,-100,0,0,1,0
sur1049,gelatine sized,-100,15.7,5.9,1424.7,-100,11.94,0.3,0.023,0.16,3.75,-100,-100,0,0,1,0
sur1050,gelatine sized,-100,16.8,4.7,726.9,-100,5.01,0.24,0.029,0.16,2.76,-100,-100,0,0,1,0
sur1051,gelatine sized,-100,5.7,7,1028.9,-100,4.41,0.09,0.026,0.16,2.55,-100,-100,0,0,1,0
sur1052,gelatine sized,-100,23.4,6.4,1240.5,-100,9.97,0.26,0.025,0.16,1.59,-100,-100,0,0,1,0
sur1053,gelatine sized,-100,23.8,6.8,1426.3,-100,8.47,0.25,0.017,0.16,2.41,-100,-100,0,0,1,0
sur1054,gelatine sized,-100,6.4,6.95,1750.9,717700,10.47,0.34,0.018,0.16,1.32,-100,-100,0,0,1,0
sur1055,gelatine sized,1777,0.4,6.75,1364.1,-100,10.74,0.18,0.018,0.16,1.93,-100,-100,0,0,1,0
sur1056,gelatine sized,-100,26.7,6.95,1230.1,924550,4.5,0.05,0.025,0.16,3.64,-100,-100,0,0,1,0
sur1057,gelatine sized,-100,7.7,6.05,1337.9,958000,9.88,0.28,0.025,0.16,2.8,-100,-100,0,0,1,0
sur1058,gelatine sized,-100,27.6,5.6,1499.6,854600,5.73,0.15,0.042,0.16,2.1,-100,-100,0,0,1,0
sur1059,gelatine sized,-100,31,4.65,726.5,319900,5.68,0.4,0.033,0.16,2.84,-100,-100,0,0,1,0
sur1060,gelatine sized,-100,2,5.2,809.4,512250,4.42,0.21,0.033,0.16,2.36,-100,-100,0,0,1,0
sur1061,gelatine sized,-100,8,5.2,963.5,-100,9.63,0.27,0.03,0.16,3.79,-100,-100,0,0.1,0.9,0
sur1062,gelatine sized,-100,32.3,5.15,863.7,565600,4.46,0.24,0.032,0.16,2.27,-100,-100,0,0,1,0
sur1063,gelatine sized,-100,21.5,4.9,1048.3,631750,4.05,0.11,0.017,0.16,2.32,-100,-100,0,0,1,0
sur1064,gelatine sized,-100,16.7,7.05,1649,1006000,4.67,0.06,0.038,0.16,2.25,-100,-100,0,0,1,0
sur1065,gelatine sized,-100,10,4.85,818.2,505200,6.65,0.28,0.017,0.16,2.56,-100,-100,0,0,1,0
sur1066,gelatine sized,1840,2,6.65,1534,1141000,6.49,1.39,0.014,0.16,5.68,-100,51.47,0,0,1,0
sur1067,gelatine sized,1836,3.7,5.05,1632.5,1305000,8.64,1.75,0.015,0.16,8.23,-100,55.2,0,0,1,0
sur1068,gelatine sized,1840,3.7,5.6,1545.6,835850,8.11,2.19,0.014,0.16,6.1,74.85,48.7,0,0,1,0
sur1069,gelatine sized,-100,2.5,6.45,1636.4,1289000,7.39,2.08,0.016,0.16,6.69,-100,58.89,0,0,1,0
sur1070,gelatine sized,1841,2.4,5.3,1250.9,730800,6.51,1.84,0.016,0.16,7.1,-100,53.89,0,0,1,0
sur1071,gelatine sized,1846,0,5.05,1611,907950,6.61,1.88,0.028,0.16,5.92,-100,65.54,0,0,1,0
sur1072,gelatine sized,-100,10.7,4.8,705.3,-100,6.14,2.14,0.014,0.16,7.12,75.24,53.25,0,0.1,0.9,0
sur1073,gelatine sized,-100,8.1,6.8,1786.2,-100,5.9,1.74,0.016,0.16,7.31,76.83,45.61,0,0,1,0
sur1074,gelatine sized,-100,13.4,5.5,1532,-100,6.1,1.98,0.015,0.16,6.35,-100,52.3,0,0,1,0
sur1075,gelatine sized,-100,9,6.25,1722.7,1156000,6.58,1.87,0.015,0.16,8.24,95.85,57.68,0,0,1,0
sur1076,gelatine sized,-100,16.1,4.85,1274.9,757400,5.5,2.12,0.016,0.16,6.93,63.46,41.33,0,0,1,0
sur1077,gelatine sized,-100,16.9,6.65,1577,1077500,4.86,1.02,0.014,0.16,6.55,61.58,44.98,0,0,1,0
sur1078,gelatine sized,-100,2,6.85,1543.6,1043000,4.54,1.66,0.017,0.16,6.19,-100,48.47,0,0,1,0
sur1079,gelatine sized,-100,62,7.1,1472.6,385600,5.87,1.29,0.017,0.16,6.01,-100,39.18,0,0,1,0
sur1080,gelatine sized,-100,7.1,4.9,1128.8,-100,6.21,1.99,0.013,0.16,7.43,70.58,56.87,0,0,1,0
sur1081,gelatine sized,-100,21,5.25,1189.8,647100,7.3,2.35,0.017,0.16,8.04,78.08,-100,0,0.2,0.8,0
sur1082,gelatine sized,-100,14.5,5.75,1610.7,757300,4.95,1.12,0.013,0.16,6.87,70.82,49.56,0,0.2,0.8,0
sur1083,gelatine sized,-100,27.3,5.25,1347.6,865300,7.07,1.92,0.025,0.16,9.22,75.7,57.52,0,0,1,0
sur1084,gelatine sized,-100,10.4,4.4,673.7,175400,4.55,3.79,0.019,0.16,6.99,68.46,47.18,0.1,0,0.9,0
sur1085,gelatine sized,1560,-100,6.5,1629,-100,-100,-100,-100,0.16,2.99,59.2,36.13,0,0,1,
sur2019,bleached,1990,29,5.91,1611.7,500570,17.38,0.37,0.013,0.915,0,80.25,54.4,0,1,0,1
sur2023,bleached,1990,-100,7.88,2323.5,743830,15.69,0.15,0.019,1.451,0,80.75,68.89,0,1,0,1
sur2026,bleached,1990,-100,7.84,1885.1,478475,18.04,0.35,0.012,1.844,0,81.05,73.06,0,0.4,0.6,1
sur2033,bleached,1973,-100,6.84,1608.2,654890,-100,0.84,0.014,1.046,0,78.88,64.59,0,1,0,0
sur2034,bleached,1978,28.9,5.21,1171.3,508545,-100,0.52,0.025,1.167,0,80.73,42.8,0,1,0,1
sur2048,bleached,1970,-100,7,1646.1,665135,20.69,1.13,0.014,3.056,0,99.65,60.23,0,1,0,1
sur2052,bleached,1969,-100,4.74,835.9,354525,-100,0.74,0.047,2.883,0,82.68,-100,0,1,0,0
sur2053,bleached,1974,-100,5.85,1635.9,701315,-100,0.71,0.016,1.05,0,73.78,-100,0,1,0,0
sur2054,groundwood,1966,110.7,7.79,-100,532765,-100,0.41,0.032,0.79,0,66.3,29.25,0.5,0.5,0,0
sur2065,bleached,1974,-100,5.49,1515.1,607320,18.33,0.39,0.017,0.682,0,80.88,-100,0,1,0,0
sur2066,bleached,1990,-100,8.18,2251,667470,0,0.54,0.016,0.533,0,90,63,0,1,0,1
sur2071,bleached,1948,-100,7.62,1009.1,413025,0,0.06,0.017,0,0,72.88,-100,0,1,0,0
sur2072,groundwood,1950,187.5,6.4,-100,530370,0,0.17,0.047,0.471,0,66.88,36.77,0.8,0.2,0,0
sur2073,bleached,1949,-100,7.86,681.5,264155,0,0.09,0.049,0.079,0,87.15,46.08,0,1,0,0
sur2074,bleached,1968,-100,7.06,1293.1,643185,0,1.08,0.018,1.463,0,77.8,-100,0,1,0,0
sur2076,bleached,1969,-100,5.76,1483.9,529435,0,0.39,0.025,2.676,0,68.84,43.72,0,1,0,0
sur2080,bleached,1989,-100,7.87,2303.3,524110,14.95,0.18,0.019,1.528,0,81.85,49.24,0,1,0,1
sur2085,groundwood,1990,-100,6.38,-100,705140,10.86,0.58,0.022,0.669,0,71.24,39.13,0.8,0.2,0,0
sur2087,bleached,1953,-100,4.63,565.6,259820,21.4,0.92,0.058,4.287,0,81.95,38.26,0,1,0,0
sur2090,bleached,1911,39.4,5.93,926.4,359785,18.51,0.25,0.039,2.068,0,58.38,-100,0.1,0.9,0,0
sur2092,bleached,1983,-100,5.78,1481.3,569785,13.38,0.49,0.019,0.319,0,99.43,79.56,0,1,0,0
sur2094,groundwood,1943,215,4.88,-100,303740,30.83,0.23,0.048,0.567,0,76.1,27.08,0.9,0.1,0,0
sur2095,bleached,1972,33.1,7.8,1553.1,727020,24.24,1.09,0.009,1.092,0,78.4,57.38,0,0.7,0.3,1
sur2096,bleached,1939,-100,4.92,407,277010,38.14,0.2,0.018,0.647,0,103.8,31.25,0,1,0,0
sur2097,bleached,1933,-100,4.68,453.3,246895,26.53,0.39,0.052,3.3,0,95.7,44.91,0,1,0,0
sur2100,groundwood,1946,151.9,5.01,-100,296175,27.05,0.26,0.053,0.594,0,83.03,38.93,0.8,0.2,0,0
sur2106,groundwood,1978,-100,5.81,-100,-100,14.86,0.03,0.059,0.255,0,48.7,27.05,0.9,0.1,0,0
sur2141,bleached,1964,27.4,7.69,1404.6,425930,19.39,0.43,0.016,0,0,78.65,31.38,0,1,0,1
sur2145,bleached,1955,-100,7.75,1010.2,434320,19.76,0.3,0.046,0.531,0,77.65,42.23,0,1,0,0
sur2148,groundwood,1917,29.5,6.25,-100,-100,27.31,0.19,0.022,0.256,0,91.25,31.02,0.3,0.7,0,0
sur2151,bleached,1990,-100,6.15,2154.2,-100,18.9,0.13,0.016,1.153,0,80.43,62.29,0,1,0,1
sur2158,bleached,1990,-100,6.7,1816.7,652390,16.88,0.57,0.023,0.232,0,99.18,73.01,0,1,0,1
sur2159,bleached,1990,-100,5.95,1800.2,-100,17.9,0.55,0.02,0.355,0,81.53,58.31,0,1,0,1
sur2164,bleached,1988,-100,6.1,1782.7,620655,17.94,0.45,0.025,1.118,0,81.95,57.44,0,1,0,1
sur2174,bleached,1971,-100,6.08,1255,571520,15.1,0.36,0.041,1.235,0,89.98,62.72,0,0.5,0.5,1
sur2191,bleached,1984,64.4,5.68,1951.5,693915,6.16,0.72,0.031,0.79,0,80.48,-100,0.1,0.9,0,1
sur2192,bleached,-100,-100,5.75,1901.2,770000,14.21,0.17,0.023,0.315,-100,73.36,-100,0.1,0.9,0,1
sur2195,bleached,1984,-100,7.9,1436.5,985500,26.81,0.75,0.015,0.288,0,103.73,88.31,0,1,0,1
sur2196,bleached,1958,59.1,5.17,773.1,325375,22.49,0.2,0.04,0.821,0,91.38,42.34,0,1,0,0
sur2197,bleached,1976,49.9,7.13,1970.8,577580,19.67,0.46,0.017,0.089,0,79.63,45.81,0,1,0,1
sur2200,bleached,1957,41.1,6.3,944.7,563700,27.63,0.14,0.026,0.753,0,73.58,36.83,0,1,0,0
sur2201,bleached,1910,66.3,5.32,714.8,271310,13.82,0.83,0.029,4.485,0,79.53,-100,0,1,0,0
sur2202,groundwood,1940,154.9,5.01,-100,323090,32.87,0.26,0.036,0.393,0,92.2,39.5,0.7,0.3,0,0
sur2203,bleached,1971,35.4,5.28,1406.5,513360,22.56,1.12,0.017,1.844,0,78.08,48.74,0,0.6,0.4,0
sur2204,bleached,1936,46.2,4.71,429.8,191550,24.86,0.4,0.038,1.821,0,100.13,34.56,0,1,0,0
sur2205,groundwood,1958,115.7,7.51,-100,382520,20.4,0.32,0.032,1.157,0,73.68,35.4,0.3,0.3,0.4,0
sur2206,bleached,1962,-100,7.65,987.1,615050,28.25,0.64,0.036,0.746,0,97.58,42.72,0.1,0.9,0,0
sur2210,bleached,1927,32.9,5.35,567.4,419200,19.48,0.32,0.034,3.138,0,78.28,37.89,0,1,0,0
sur2212,bleached,1937,48,6.16,885,324440,19.45,0.21,0.045,0.566,0,73.04,-100,0.05,0.95,0,0
sur2234,bleached,1968,-100,5.75,1387.2,833500,22.32,1.16,0.014,1.388,0,78.13,34.59,0,1,0,0
sur2236,bleached,1978,-100,6,1645.6,833300,17.33,0.54,0.02,0.871,0,79.28,-100,0,1,0,0
sur2237,bleached,1934,-100,6.34,898.4,293630,15.19,0.56,0.056,5.005,0,78.33,-100,0,1,0,0
sur2239,bleached,1910,-100,5.05,499.6,315070,23.51,0.97,0.051,4.83,0,97.73,35.96,0,1,0,0
sur2240,bleached,1945,-100,6.5,863.4,400310,13.7,0.43,0.037,2.443,0,81.25,51.87,0,0.9,0.1,1
sur2241,bleached,1974,41.7,5.91,1120.7,459315,20.13,0.76,0.019,1.052,0,71.96,-100,0,1,0,1
sur2242,groundwood,1961,193.1,7.53,-100,320295,20.83,0.26,0.047,0.911,0,68.64,28.96,0.5,0.5,0,0
sur2243,bleached,1954,-100,6.8,680.3,-100,21.08,0.27,0.046,0.153,0,78.05,45.85,0,0.1,0.9,0
sur2244,bleached,1946,-100,5.5,597.2,420680,31.38,0.26,0.037,0.248,0,99.75,-100,0,1,0,0
sur2246,groundwood,1948,-100,7.5,-100,611380,19.13,0.07,0.035,0.058,0,64.62,34.58,0.6,0.4,0,0
sur2247,bleached,1969,-100,4.85,1240.8,-100,20.84,0.38,0.034,0.21,0,71.84,-100,0,1,0,0
sur2249,bleached,1974,-100,6.05,1841.1,693950,22.16,0.64,0.013,1.156,0,78.73,38.21,0,1,0,1
sur2250,bleached,1970,-100,5,1310.1,814850,19.41,0.8,0.032,1.277,0,90.68,52.37,0.1,0.9,0,1
sur2251,bleached,1976,-100,5.7,1518.6,-100,18.75,0.7,0.016,1.153,0,80.2,41.16,0,1,0,1
sur2252,bleached,1971,-100,5.5,918,649400,23.8,0.36,0.037,0.629,0,69.04,22.81,0,1,0,0
